OBJECTID,Location
18219989,207 CLARK ST
18220165,30 RICE LN
18220191,10B BOYS & GIRLS CLUB WAY
18220192,5 HAMPDEN ST
18220196,96 POCASSET AVE
18220246,8B BOYS & GIRLS CLUB WAY
18220253,9 IMPERIAL RD
18220254,98 POCASSET AVE
18220274,237 ST. NICHOLAS AVE
18220280,26 POCASSET AVE
18220365,238 ST. NICHOLAS AVE
18220397,234 ST. NICHOLAS AVE
18220487,91 NEW BOND ST
18220507,243 ST. NICHOLAS AVE
18220527,13 TRINITY AVE
18220541,124A PILGRIM AVE
18220548,354 WILDWOOD AVE
18220559,370 GRAFTON ST
18220618,45 NANITA ST
18220621,62 BOSTON AVE
18220658,453 LINCOLN ST
18220666,3 LORING ST
18220675,98 WEST BOYLSTON ST
18220703,54 STOCKTON ST
18220742,455A LINCOLN ST
18220753,11 EK CT
18220780,40 PLEASANT ST
18220781,14 FRONT ST
18220782,20 FRONT ST
18220783,38 FRONT ST
18220791,9 PALFREY ST
18220792,27 GUILFORD ST
18220793,52 DARROW ST
18220794,50 DARROW ST
18220799,1001 SOUTHBRIDGE ST
18220800,1017 SOUTHBRIDGE ST
18220845,130 INGLESIDE AVE
18220862,90 GROVE ST
18220867,97 GATES ST
18220874,36 ELM ST
18220885,86 HARRISON ST
18220906,15 KELLEY SQ
18220916,30 OREAD ST
18220932,237 CAMBRIDGE ST
18220974,145 CAMBRIDGE ST
18220978,139 CAMBRIDGE ST
18220984,297 CAMBRIDGE ST
18220987,3 OCKWAY ST
18220988,205 CAMBRIDGE ST
18220995,67 TEMPLE ST
18221001,182 PRESCOTT ST
18221004,2 WHITEHAVEN LN
18221008,31B GLEN ST
18221012,52B BEDFORD AVE
18221030,33 CAMP ST
18221048,1486 MAIN ST
18221069,95 COUNTRY CLUB BLVD
18221085,212 DEWEY ST
18221109,80 GOLDTHWAITE RD
18221120,7 HOLT AVE
18221137,20 PEARL ST
18221143,32 WILSON ST
18221152,61 FREMONT ST
18221155,102 GROVE ST
18221161,848 MAIN ST
18221178,146 PROVIDENCE ST
18221187,156 GODDARD MEMORIAL DR
18221189,586-596 MAIN ST
18221190,87 TEMPLE ST
18221193,37 CANTERBURY ST
18221194,60 MADISON ST
18221195,105 WATER ST
18221203,373 SOUTHWEST CUTOFF
18221205,70 WINTER ST
18221222,7A EK CT
18221239,187 WASHINGTON ST
18221249,52A BEDFORD AVE
18221252,7 WINSLOW ST
18221257,20C HOUGHTON ST
18221259,22 CORNING AVE
18221261,32A PINE HILL RD
18221285,6 POCASSET ST
18221291,2 SHANNON ST
18221293,6 MYRA LN
18221297,770 SALISBURY ST
18221300,74 COUNTRY CLUB BLVD
18221301,68 COUNTRY CLUB BLVD
18221311,660 LINCOLN ST
18221317,19 WINSLOW ST
18221324,273 SHREWSBURY ST
18221335,279-281 LINCOLN ST
18221337,133 DEWEY ST
18221340,142 GREEN ST
18221349,15 RIPLEY ST
18221351,149 HIGHLAND ST
18221366,52 COUNTRY CLUB BLVD
18221390,242 CANTERBURY ST
18221402,103 EASTERN AVE
18221403,101 EASTERN AVE
18221404,99 EASTERN AVE
18221412,49 BENEFIT ST
18221419,664 FRANKLIN ST
18221424,16 BRIGHAM RD
18221474,4 HUNNEWELL RD
18221504,3 PICKWICK'S CIR
18221511,6A WELDON AVE
18221512,6C WELDON AVE
18221513,6B WELDON AVE
18221541,45 CASTINE ST
18221546,49 SANTORO RD
18221767,78 IDALLA RD
18221821,36 ST. NICHOLAS AVE
18221864,50 ST. NICHOLAS AVE
18221894,93 WOODLAND ST
18221927,113 BROOKS ST
18221965,9 FAY ST
18221970,60 WILBUR ST
18221971,9 SHAMROCK ST
18221975,2 BELCOURT RD
18221985,46B REED ST
18221986,30B PINE HILL RD
18221991,49 ST. NICHOLAS AVE
18222008,1 STANLEY RD
18222022,16C KINGSBURY ST
18222023,16B KINGSBURY ST
18222028,39 SHELBY ST
18222033,137 LOVELL ST
18222036,11 MINK'S CIR
18222043,17C KENNEBEC ST
18222047,177 SUNDERLAND RD
18222048,2 QUINCY ST
18222054,5 UXBRIDGE ST
18222056,30A PINE HILL RD
18222063,38 VINTON ST
18222065,7 MINK'S CIR
18222072,18 WILBUR ST
18222084,2 SHERMAN ST
18222093,34 WOODFORD ST
18222098,16 DORRANCE ST
18222103,14A KENNEBEC ST
18222104,21 TYSON RD
18222115,6 KENNEBEC ST
18222121,3A WILBUR ST
18222122,34-36 DIXFIELD ST
18222123,10 EUSTIS ST
18222128,2 LIVERMORE ST
18222133,731 BURNCOAT ST
18222146,17A KENNEBEC ST
18222150,6 EUSTIS ST
18222162,44 FRONT ST
18222163,22 ELM ST
18222164,300-306 MAIN ST
18222165,242 MAIN ST
18222170,11 PALFREY ST
18222180,41 FREMONT ST
18222183,112R GROVE ST
18222185,356C FRANKLIN ST
18222195,42 MOUNT AVE
18222209,105 BROOKS ST
18222217,54 ST. NICHOLAS AVE
18222222,109 BROOKS ST
18222232,61 ST. NICHOLAS AVE
18222248,570 MAIN ST
18222249,75-75 A-75 1/2 TEMPLE ST
18222253,5A CORRINE ST
18222277,5 MINK'S CIR
18222290,1127 WEST BOYLSTON ST
18222323,70 ST. NICHOLAS AVE
18222420,11B EUSTIS ST
18222441,27 DIXFIELD ST
18222442,1104 WEST BOYLSTON ST
18222444,16 EUSTIS ST
18222450,1110-1110 B WEST BOYLSTON ST
18222480,37 DIXFIELD ST
18222489,13A-13BEUSTIS ST
18222494,15A-15BEUSTIS ST
18222545,10 CASTINE ST
18222577,19 ST. NICHOLAS AVE
18222579,22 ST. NICHOLAS AVE
18222590,1A IDALLA AVE
18222627,15 CLIVEDEN ST
18222750,89 IDALLA RD
18222770,663A BURNCOAT ST
18222815,55 ST. NICHOLAS AVE
18222849,101 MALDEN ST
18222875,1B IDALLA AVE
18222881,1017 WEST BOYLSTON ST
18222925,616 WEST BOYLSTON ST
18222932,995 WEST BOYLSTON ST
18222938,27 LADYBANK RD
18222950,22 LADYBANK RD
18223016,74 ST. NICHOLAS AVE
18223046,17 RADCLIFFE ST
18223053,109 WATER ST
18223059,685 MAIN ST
18223065,511 PLEASANT ST
18223066,651 CHANDLER ST
18223069,189 WASHINGTON ST
18223106,85 ST. NICHOLAS AVE
18223108,40 QUINAPOXET LN
18223121,668 BURNCOAT ST
18223128,26 MOUNTAINSHIRE DR
18223139,80 ST. NICHOLAS AVE
18223196,82-82 BMALDEN ST
18223249,89 WEST BOYLSTON ST
18223253,9 LIBERTY ST
18223261,17 ARTHUR ST
18223265,16A KINGSBURY ST
18223273,1 LADYBANK RD
18223320,7 LADYBANK RD
18223446,8 DORIS ST
18223465,6 PULLMAN ST
18223498,4 COTUIT ST
18223538,166 HOLDEN ST
18223579,81 BROOKS ST
18223582,86 ST. NICHOLAS AVE
18223610,89 ST. NICHOLAS AVE
18223633,90B ROOKS ST
18223707,94 ST. NICHOLAS AVE
18223728,99 ST. NICHOLAS AVE
18223758,604 BURNCOAT ST
18223794,10A KENMORE ST
18223878,8 WENDOVER RD
18223901,25 MORGAN ST
18223914,67A-67BMALDEN ST
18223918,10 LANESBORO RD
18223964,95 ST. NICHOLAS AVE
18223989,5 ANSON RD
18223999,165-165 B MOUNTAIN ST WEST
18224004,8 ANSON RD
18224024,3 1/2 MARAVISTA RD
18224030,3 UXBRIDGE ST
18224039,9 MINK'S CIR
18224058,17B KENNEBEC ST
18224061,1124 WEST BOYLSTON ST
18224069,15A-15B KENNEBEC ST
18224076,12 EUSTIS ST
18224082,73 ST. NICHOLAS AVE
18224115,14C MALDEN ST
18224118,161AMOUNTAIN ST WEST
18224152,4 ARBUTUS RD
18224186,43 BROOKHAVEN RD
18224193,163 ST. NICHOLAS AVE
18224203,160 ST. NICHOLAS AVE
18224347,2A-2B CUMBERLAND ST
18224374,16A WENDOVER RD
18224401,24 HUNNEWELL RD
18224465,190 MOUNTAIN ST EAST
18224476,8 EMILY ST
18224523,1098 WEST BOYLSTON ST
18224547,2A IDALLA AVE
18224587,227 HOLDEN ST
18224595,10 EMILY ST
18224596,46 TUPELO RD
18224616,11 DIXFIELD RD
18224629,97-99 MALDEN ST
18224680,100 ST. NICHOLAS AVE
18224740,172 ST. NICHOLAS AVE
18224759,109 ST. NICHOLAS AVE
18224843,330 TACOMA ST
18224867,157 CLARK ST
18224912,8 HYDE ST
18224943,17 LADYBANK RD
18224957,13 LADYBANK RD
18224977,180 ST. NICHOLAS AVE
18224989,36 FRANCIS ST
18224998,32 FRANCIS ST
18224999,130 LEEDS ST
18225003,340 BURNCOAT ST
18225021,13 MARLAND RD
18225058,59-60 BRIARWOOD CIR
18225059,41 TUPELO RD
18225096,135 BROOKS ST
18225137,4 DORIS ST
18225227,195 CHESTER ST
18225260,32 DUNDEE CT
18225389,200 CHESTER ST
18225397,97 UNCATENA AVE
18225434,38 FRANCIS ST
18225449,189 ST. NICHOLAS AVE
18225461,120 ST. NICHOLAS AVE
18225470,131 ST. NICHOLAS AVE
18225498,184 ST. NICHOLAS AVE
18225500,11 VEGA LN
18225520,80 1/2 BJORKLUND AVE
18225559,609 WEST BOYLSTON ST
18225726,186 ST. NICHOLAS AVE
18225783,62 PIEHL AVE
18225802,247 MOUNTAIN ST EAST
18225825,30 ST. NICHOLAS AVE
18225841,33 ST. NICHOLAS AVE
18225851,170 ARARAT ST
18225856,125 BROOKS ST
18225869,195 ST. NICHOLAS AVE
18225885,68 DARNELL RD
18225912,11 LAMBERT CIR
18225928,38 BRATTLE ST
18225960,35 ST. NICHOLAS AVE
18225979,171 CHESTER ST
18225982,107 UNCATENA AVE
18225989,199-201 ST. NICHOLAS AVE
18226007,200 ST. NICHOLAS AVE
18226040,167 ST. NICHOLAS AVE
18226052,173-175 ST. NICHOLAS AVE
18226094,130 HIGGINS ST
18226113,17 PURCHASE ST
18226118,125 HOLDEN ST
18226121,9 OSCEOLA AVE
18226155,29 GOVERNORS ST
18226175,369-369 A BURNCOAT ST
18226184,116 ST. NICHOLAS AVE
18226202,28 ROCKDALE ST
18226236,203-205 ST. NICHOLAS AVE
18226239,14 LAMBERT CIR
18226245,111 ST. NICHOLAS AVE
18226251,253 CLARK ST
18226321,368 BURNCOAT ST
18226325,566 WEST BOYLSTON ST
18226337,51 KALMAR ST
18226339,135 BURNCOAT ST
18226362,11S TOWELL AVE
18226404,623-627 LINCOLN ST
18226421,17 MOUNTAIN ST EAST
18226489,38 PURCHASE ST
18226493,46 HARLEY DR
18226498,179-181 ST. NICHOLAS AVE
18226530,285 TACOMA ST
18226534,5 FOX HOLLOW RD
18226543,841 WEST BOYLSTON ST
18226574,6 ROWENA ST
18226580,185-187 ST. NICHOLAS AVE
18226626,12 FALES ST
18226627,541 WEST BOYLSTON ST
18226645,18 POCASSET AVE
18226777,109 POCASSET AVE
18226802,781 GROVE ST
18226819,36 BONNYBROOK RD
18226833,22 NIZAM DR
18226839,4 LAMBERT CIR
18226855,204 ST. NICHOLAS AVE
18226859,8 LAMBERT CIR
18226864,6101 HALCYON DR
18226910,12 LAMBERT CIR
18226932,6 LAMBERT CIR
18226954,60 PIEHL AVE
18227031,72 FAIRHAVEN RD
18227039,207-209 ST. NICHOLAS AVE
18227098,34 ST. NICHOLAS AVE
18227105,3 BEAMAN AVE
18227121,49 COVENTRY RD
18227123,4 BLACKTHORNE DR
18227133,45 ST. NICHOLAS AVE
18227161,31 ASCADILLA RD
18227177,27 BLACKTHORNE DR
18227180,97 POCASSET AVE
18227208,193 CHESTER ST
18227218,133 KING PHILIP RD
18227228,315 ST. NICHOLAS AVE
18227282,125 ST. NICHOLAS AVE
18227286,251 CLARK ST
18227308,376 WEST BOYLSTON ST
18227352,72 FALES ST
18227354,242 CLARK ST
18227359,136 ST. NICHOLAS AVE
18227401,132 ST. NICHOLAS AVE
18227470,76 QUINAPOXET LN
18227494,75 UNCATENA AVE
18227525,14 OSCEOLA AVE
18227536,211 ST. NICHOLAS AVE
18227554,40A-40B BROOKS ST
18227634,212 ST. NICHOLAS AVE
18227640,219 ST. NICHOLAS AVE
18227649,300 ST. NICHOLAS AVE
18227681,14 BLACKTHORNE DR
18227712,90 BARRETT AVE
18227714,262 ST. NICHOLAS AVE
18227719,93 BARRETT AVE
18227743,90 WEST CHESTER ST
18227821,16 BLACKTHORNE DR
18227851,194 ST. NICHOLAS AVE
18227918,19 PAUL ST
18228111,5 NIZAM DR
18228119,25 ANDOVER ST
18228123,8 PICKWICK'S CIR
18228159,265 ST. NICHOLAS AVE
18228171,168 ST. NICHOLAS AVE
18228279,31B ORIENTAL ST
18228296,266 ST. NICHOLAS AVE
18228364,156-170 TACOMA ST
18228397,267 ST. NICHOLAS AVE
18228418,25 TACOMA ST
18228449,17 GREAT BROOK VALLEY AVE
18228451,115 SHORE DR
18228474,50 CHESTER ST
18228475,79-81 WEST CHESTER ST
18228497,322-330 WEST BOYLSTON ST
18228527,25 ALBEMARLE ST
18228537,6 BLUEHILL RD
18228542,126 ST. NICHOLAS AVE
18228545,25 FALES ST
18228578,5 WOBURN ST
18228582,10 ROCKDALE ST
18228629,205 COUNTRY CLUB BLVD
18228639,227 ST. NICHOLAS AVE
18228655,216 ST. NICHOLAS AVE
18228729,29 SNOWY OWL LN
18228736,22 OSCEOLA AVE
18228796,12 NEW BOND ST
18228818,208-210 ST. NICHOLAS AVE
18228828,641-651 WEST BOYLSTON ST
18228843,77 WHITMARSH AVE
18228907,144 ST. NICHOLAS AVE
18228933,1-1 A MOUNT AVE
18229010,223 ST. NICHOLAS AVE
18229026,321 BURNCOAT ST
18229038,129-131 UNCATENA AVE
18229106,10 NEW BOND ST
18229120,33 OSCEOLA AVE
18229145,268 ST. NICHOLAS AVE
18229196,271 ST. NICHOLAS AVE
18229221,134 UNCATENA AVE
18229254,228 ST. NICHOLAS AVE
18229282,22 AIRLIE ST
18229285,243-261 TACOMA ST
18229289,247 ST. NICHOLAS AVE
18229415,295 BURNCOAT ST
18229445,438 WEST BOYLSTON ST
18229477,244 ST. NICHOLAS AVE
18229495,24 BJORKLUND AVE
18229500,253 ST. NICHOLAS AVE
18229555,18 BLACKTHORNE DR
18229562,2 BAY STATE RD
18229566,248 ST. NICHOLAS AVE
18229650,460 WEST BOYLSTON ST
18229690,22 BJORKLUND AVE
18229754,1 ELMAN RD
18229775,263 ST. NICHOLAS AVE
18229787,275 ST. NICHOLAS AVE
18229797,172-190 CHINO AVE
18229814,274 ST. NICHOLAS AVE
18229821,9 DEVENS RD
18229855,23 KENDRICK AVE
18229986,30 PELICAN AVE
18230002,25D EVENS RD
18230012,276 ST. NICHOLAS AVE
18230014,277 ST. NICHOLAS AVE
18230043,59 WEST BOYLSTON DR
18230045,125 BARBER AVE
18230149,42 HUMES AVE
18230159,9 1/2 BOURNE ST
18230164,47 CHESTER ST
18230165,75 WEST CHESTER ST
18230199,221 ST. NICHOLAS AVE
18230203,635 GROVE ST
18230244,233 LAKE AVE NORTH
18230275,319 LAKE AVE NORTH
18230277,40 RANKIN ST
18230283,23 HEMANS ST
18230308,281 ST. NICHOLAS AVE
18230309,68 HILLCROFT AVE
18230386,73 WEST BOYLSTON DR
18230391,645 GROVE ST
18230428,40 ACUSHNET AVE
18230459,278 ST. NICHOLAS AVE
18230516,218 ST. NICHOLAS AVE
18230532,185-203 CONSTITUTION AVE
18230569,233 ST. NICHOLAS AVE
18230580,110 SHORE DR
18230594,140 SHORE DR
18230600,1 PHOEBE WAY
18230610,6 DEVENS RD
18230621,7 MCKEON RD
18230647,8 MCKEON RD
18230661,74 WIGWAM HILL DR
18230673,8S TOWELL AVE
18230683,65 GOLDTHWAITE RD
18230695,17-33 HAVEN LN
18230700,20 CLASON RD
18230706,64 COUNTRY CLUB BLVD
18230723,618 LINCOLN ST
18230755,72 GOLDTHWAITE RD
18230772,617 LINCOLN ST
18230793,157 1/2 BEVERLY RD
18230826,270 ST. NICHOLAS AVE
18230851,272 ST. NICHOLAS AVE
18230859,163-173 TACOMA ST
18230884,61-63 GOLDTHWAITE RD
18230898,50 PLEASANT VALLEY DR
18230920,129 BARBER AVE
18230978,1 AMESBURY ST
18231039,40 AIRLIE ST
18231047,18 AIRLIE ST
18231064,5 PASADENA PKWY
18231072,81 BARRETT AVE
18231085,46A CHESTER ST
18231110,137-151 CONSTITUTION AVE
18231144,42 WEST CHESTER ST
18231198,55 HUMES AVE
18231255,185 WHITMARSH AVE
18231275,30 WEST CHESTER ST
18231284,45 HUMES AVE
18231287,46 WEST CHESTER ST
18231305,284 ST. NICHOLAS AVE
18231308,289 ST. NICHOLAS AVE
18231310,5 MCKEON RD
18231345,750 GROVE ST
18231365,4 MCKEON RD
18231366,285 ST. NICHOLAS AVE
18231367,8M CKEON RD
18231448,24 CLAFFEY AVE
18231458,254 ST. NICHOLAS AVE
18231460,261 ST. NICHOLAS AVE
18231483,301 BURNCOAT ST
18231526,653 PLANTATION ST
18231547,21-23 DEVENS RD
18231573,3 HAPGOOD RD
18231586,50 OLD ENGLISH RD
18231596,142 BURNCOAT ST
18231600,20 BENSON AVE
18231623,2NEW BOND ST
18231650,146 BURNCOAT ST
18231707,570 LINCOLN ST
18231714,2B THORNTON RD
18231723,1 HAPGOOD RD
18231730,580 LINCOLN ST
18231765,12 AMESBURY ST
18231776,5 HAPGOOD RD
18231803,11 HAPGOOD RD
18231888,600 LINCOLN ST
18231913,41 MERRILL RD
18231965,5 MCKEON RD
18231967,288 ST. NICHOLAS AVE
18231972,293 ST. NICHOLAS AVE
18231987,40 SQUANTUM ST
18231990,1 MCKEON RD
18232044,28 WHITMARSH AVE
18232066,40 BLACKTHORNE DR
18232092,290 ST. NICHOLAS AVE
18232102,38C BARROWS RD
18232110,1 BLUEHILL RD
18232136,5 BLUEHILL RD
18232145,44B CHESTER ST
18232176,297 ST. NICHOLAS AVE
18232180,9 BLUEHILL RD
18232195,54 CHRISTINE ST
18232209,106 WILKINSON ST
18232248,282 ST. NICHOLAS AVE
18232265,49 PLEASANT VALLEY DR
18232278,39 BARROWS RD
18232280,12 1/2 BOURNE ST
18232357,62-64 SEARS ISLAND DR
18232386,534 LINCOLN ST
18232445,50 OLD ENGLISH RD
18232447,549 LINCOLN ST
18232473,36 PROCTOR ST
18232588,19 GOLDTHWAITE RD
18232600,2 BLACKTHORNE DR
18232674,30 PLEASANT VALLEY DR
18232694,3 BLUEHILL RD
18232698,71-73 WEST CHESTER ST
18232702,29 BLACKTHORNE DR
18232716,119 SACHEM AVE
18232791,36-50 GREAT BROOK VALLEY AVE
18232851,25 SEARS ISLAND DR
18232920,38 BLACKTHORNE DR
18232961,11 BLUEHILL RD
18232962,37 BARROWS RD
18232981,2 GOSNOLD ST
18232984,118 WILKINSON ST
18232988,44A CHESTER ST
18233003,6 MCKEON RD
18233006,64 TACOMA ST
18233020,64 TOWER ST
18233028,10 GOLDTHWAITE RD
18233029,40 CHRISTINE ST
18233036,28 CHRISTINE ST
18233038,325 WEST BOYLSTON ST
18233077,627 PLANTATION ST
18233093,13 WATSON AVE
18233153,61 WILKINSON ST
18233161,59A HOLDEN ST
18233170,80 TORONITA AVE
18233179,82 WILKINSON ST
18233182,183 COUNTRY CLUB BLVD
18233185,199 COUNTRY CLUB BLVD
18233192,104 WILKINSON ST
18233207,227 BURNCOAT ST
18233214,7 HUMES AVE
18233254,36 FRATERNAL AVE
18233302,585 LINCOLN ST
18233373,76 TORONITA AVE
18233399,54 BARRETT AVE
18233405,37 BARBER AVE
18233491,633 SALISBURY ST
18233513,59 CORNING AVE
18233584,135 GOLD STAR BLVD
18233611,7 GOLDTHWAITE RD
18233659,34 COVENTRY RD
18233668,41 GREAT BROOK VALLEY AVE
18233706,7 BLACKTHORNE DR
18233758,121 KING PHILIP RD
18233772,9 BLACKTHORNE DR
18233790,36 BLACKTHORNE DR
18233800,6 BLACKTHORNE DR
18233811,25 BLACKTHORNE DR
18233813,304 ST. NICHOLAS AVE
18233819,3 MCKEON RD
18233838,744 GROVE ST
18233848,1 BLACKTHORNE DR
18233861,22 LEEDS ST
18233891,100 BARRY RD EXT
18233904,61A CHESTER ST
18233913,111 KING PHILIP RD
18233921,8 BLACKTHORNE DR
18233928,103 KING PHILIP RD
18233955,10A DODGE AVE
18233966,34 BLACKTHORNE DR
18233974,11 YUKON AVE
18233992,70 BARROWS RD
18234047,9 WATSON AVE
18234061,34A CHINO AVE
18234150,49 CORNING AVE
18234157,95 SEARS ISLAND DR
18234184,100 SEARS ISLAND DR
18234202,24 CORNING AVE
18234265,296 ST. NICHOLAS AVE
18234325,151 WEST BOYLSTON DR
18234337,29B DAWSON RD
18234340,40 BEVERLY RD
18234451,81 WHITMARSH AVE
18234468,26 PROCTOR ST
18234531,131 GOLD STAR BLVD
18234538,44-46 KENWOOD AVE
18234539,6A ALDER ST
18234554,9 RANDOLPH RD
18234555,7 RANDOLPH RD
18234632,19 RANDOLPH RD
18234640,22 CHINO AVE
18234667,10 RANDOLPH RD
18234713,49 BEVERLY RD
18234801,19 KNAPP AVE
18234861,93 KING PHILIP RD
18234867,350 WEST BOYLSTON ST
18234903,35 GOSNOLD ST
18234917,10 BLACKTHORNE DR
18234930,50 BARRETT AVE
18234965,19 BLACKTHORNE DR
18235003,17 CORNING AVE
18235010,24 BEVERLY RD
18235019,312 ST. NICHOLAS AVE
18235044,40A DAWSON RD
18235062,269 OLEAN ST
18235090,268 OLEAN ST
18235128,8 RIDGLEY ST
18235174,96 SEARS ISLAND DR
18235241,533 LINCOLN ST
18235248,2 HIDDEN FARMS DR
18235253,30 BLACKTHORNE DR
18235255,20 BLACKTHORNE DR
18235280,33 KALMAR ST
18235294,61 THORNDYKE RD
18235308,3 CATALINE ST
18235315,28 BLACKTHORNE DR
18235323,68-80 BOYLSTON ST
18235340,22 BLACKTHORNE DR
18235349,34 BARROWS RD
18235404,56 CHESTER ST
18235412,28 ANDOVER ST
18235445,71 FRATERNAL AVE
18235462,61 KENWOOD AVE
18235514,14 CORNING AVE
18235620,7 ERIE AVE
18235686,31 BURNCOAT ST
18235703,469 GROVE ST
18235711,451R GROVE ST
18235783,1 WIGWAM HILL DR
18235804,445 GROVE ST
18235813,1-1 A RANDOLPH RD
18235865,35 BROOKSHIRE RD
18235884,17A HUNTINGTON AVE
18235919,102 WEST BOYLSTON ST
18235930,58 BRIGHAM RD
18236190,3A WILDEY AVE
18236201,23 BOYLSTON ST
18236207,53 DICK DR
18236233,5 FRATERNAL AVE
18236266,10 INMAN AVE
18236281,25A WHITE AVE
18236325,18 MYRICK AVE
18236461,6 RANDOLPH RD
18236516,308 ST. NICHOLAS AVE
18236672,23 BLACKTHORNE DR
18236688,135 SACHEM AVE
18236699,32 BLACKTHORNE DR
18236700,64 KING PHILIP RD
18236729,55 MILLBROOK ST
18236814,5 MARDEN ST
18236849,24 PELICAN AVE
18236881,9 INMAN AVE
18236904,96 BURNCOAT ST
18236924,2A ROMOLA RD
18236943,41 KALMAR ST
18237044,66 BURNCOAT TER
18237085,7 BATES AVE
18237133,24 BLACKTHORNE DR
18237261,87A TORY FORT LN
18237281,25 WOODHAVEN LN
18237300,15 LANTERN LN
18237304,1A KNAPP AVE
18237449,107 NATURAL HISTORY DR
18237470,1 WIGWAM HILL DR
18237478,319 LINCOLN ST
18237514,9 HEMANS ST
18237516,68 WIGWAM HILL DR
18237542,451 GROVE ST
18237544,3 NATURAL HISTORY RD
18237558,157 MORELAND ST
18237581,91 COUNTRY CLUB BLVD
18237593,11 WIGWAM HILL DR
18237602,295 LINCOLN ST
18237608,49 TORY FORT LN
18237629,11 SHATTUCK ST
18237682,291 LINCOLN ST
18237687,488 PLANTATION ST
18237690,132 MORELAND ST
18237808,27 CHILTERN HILL DR
18237852,128 BURNCOAT TER
18237919,15 MARSH AVE
18237923,100 GOLD STAR BLVD
18237940,57 WEST BOYLSTON ST
18238006,139 MILLBROOK ST
18238009,20 WOODHAVEN LN
18238164,4A WHITTIER ST
18238366,4 DARA LN
18238394,35B NEW ST
18238428,24 BYRON ST
18238495,10 HEMANS ST
18238501,22 BYRON ST
18238520,4 WHITTIER ST
18238539,18 1/2 NORTHAMPTON ST
18238606,1 MARDEN ST
18238658,4 NANA TRAIL
18238688,36 RICHMOND AVE
18238875,353R GROVE ST
18238898,7 DARA LN
18239009,29 WEST BOYLSTON ST
18239022,19 SHATTUCK ST
18239040,168 OLEAN ST
18239070,2A LASELLE AVE
18239110,2 DELLDALE ST
18239127,25 LAKE AVE NORTH
18239131,604 PLANTATION ST
18239150,335 PLANTATION ST
18239181,57 COBURN AVE
18239188,28 TAMPA ST
18239197,36 LANCASTER ST
18239220,13 ELIZABETH ST
18239232,112 EASTERN AVE
18239233,95 MERRIFIELD ST
18239248,1A LYFORD ST
18239268,120 CATARACT ST
18239269,46 MILTON ST
18239306,8 SEVER ST
18239307,9 SEVER ST
18239341,27 HEMANS ST
18239344,32 NATURAL HISTORY DR
18239357,6 1/2 WHITTIER ST
18239376,36-42 HARLOW ST
18239485,3 GILMAN ST
18239496,84 WIGWAM HILL DR
18239499,442 PLANTATION ST
18239506,2A GILMAN ST
18239521,266 LINCOLN ST
18239532,86 WIGWAM HILL DR
18239548,75 CAMELOT DR
18239549,18 BYRON ST
18239554,2 WHITTIER ST
18239569,438 PLANTATION ST
18239586,22 VINTON ST
18239664,755 PLEASANT ST
18239668,23 ST. ELMO RD
18239702,10 COLONIAL RD
18239743,19 ALBANY ST
18239793,97 ORIENT ST
18239800,15 CHATHAM ST
18239867,87 GOLD STAR BLVD
18239894,41 HICKORY DR
18239934,598-600 MILL ST
18239956,617 CHANDLER ST
18239960,8 ASHLAND ST
18240013,6FOREST HILL DR
18240042,172A AUSTIN ST
18240066,60 HIGH ST
18240078,100 GOLD STAR BLVD
18240086,555 PLANTATION ST
18240152,180 AUSTIN ST
18240294,225 LAKE AVE NORTH
18240333,42 LACONIA RD
18240449,53 NORFOLK ST
18240457,168 WEDGEWOOD RD
18240465,90 WIGWAM HILL DR
18240547,15 NATURAL HISTORY RD
18240553,2A MOUNT HOLYOKE AVE
18240592,256 LINCOLN ST
18240618,31 ORAN ST
18240637,2 CAMELOT DR
18240668,31 GLEN ELLEN RD
18240711,436 PLANTATION ST
18240712,4 EDGEWORTH ST
18240737,19 WRENTHAM RD
18240744,8 NATURAL HISTORY RD
18240752,1 PULLMAN ST
18240848,7 1/2 WELLS ST
18240865,2 SHAWMUT ST
18240882,570 PLEASANT ST
18240908,20 BYRON ST
18240920,2A WHITTIER ST
18240996,126 COPPERFIELD RD
18241011,5 ST. PAUL DR
18241029,44 PARK AVE
18241060,210 LINCOLN ST
18241145,42 UXBRIDGE ST
18241151,6 ST. PAUL DR
18241224,3 ST. PAUL DR
18241252,297 MOWER ST
18241279,30 TORY FORT LN
18241313,40 BELLEVUE ST
18241320,67 MORELAND ST
18241334,295 MOWER ST
18241347,301 MOWER ST
18241444,259 LAKE AVE NORTH
18241467,4 MELVILLE ST
18241481,62 MILLBROOK ST
18241484,10 QUABOAG ST
18241496,172 PLANTATION ST
18241521,10 TECONNETT PATH
18241570,1 WEST BOYLSTON ST
18241574,209 CHANDLER ST
18241613,63-65 MILTON ST
18241636,299 MOWER ST
18241648,17 TOPSFIELD RD
18241689,10 ROSEMONT RD
18241719,67 PAINE ST
18241731,21 OAK KNOLL
18241735,2 JEREMIAH'S LN
18241766,324 GROVE ST
18241789,57 MONADNOCK RD
18241793,2 EDGEWORTH ST
18241796,52 UXBRIDGE ST
18241826,42 HARLOW ST
18241839,2 NATURAL HISTORY DR
18241948,15 UXBRIDGE ST
18241949,47 WINDSOR ST
18241952,27A SUNNYHILL DR
18241990,8 BURNCOAT ST
18241999,100 CAMELOT DR
18242008,47 OAK KNOLL
18242027,20 OAK KNOLL
18242037,19 OAK KNOLL
18242051,3B ARDMORE RD
18242114,36 OAK KNOLL
18242178,85 NATURAL HISTORY DR
18242190,291 MOWER ST
18242219,14A ELLIS DR
18242257,4A POWERS CT
18242261,22 CADORNA RD
18242266,9 NEWBURN RD
18242310,50 PAINE ST
18242354,115 FLAGG ST
18242372,44-46 SAGAMORE RD
18242386,91 NATURAL HISTORY DR
18242433,18 OAK KNOLL
18242461,1 ST. PAUL DR
18242512,382 PLANTATION ST
18242540,34 WINNECONNETT RD
18242560,6 PULLMAN ST
18242563,15 COLLINS ST
18242574,107-107 A MOUNTAIN ST EAST
18242618,40 WINNECONNETT RD
18242624,15 WINNECONNETT RD
18242639,53 HARLOW ST
18242685,25 DENMARK ST
18242693,168 RICHMOND AVE
18242704,38C TORY FORT LN
18242719,247 LINCOLN ST
18242737,175 LAKE AVE NORTH
18242782,425G SALISBURY LN
18242799,34 OAK KNOLL
18242807,12A ELLIS DR
18242813,9 CADORNA RD
18242819,1403B PLEASANT ST
18242850,45 OAK KNOLL
18242861,200 LINCOLN ST
18242880,38B TORY FORT LN
18242886,2 ST. PAUL DR
18242937,35A CHATANIKA AVE
18242966,17 OAK KNOLL
18242997,280 GROVE ST
18243027,2 ROSELAND RD
18243099,190 LINCOLN ST
18243133,14 OAK KNOLL
18243139,140 PRESCOTT ST
18243141,33 POMONA RD
18243208,29 WINNECONNETT RD
18243216,6 TORY FORT LN
18243220,25 POMONA RD
18243227,10 WRENTHAM RD
18243251,4 ST. PAUL DR
18243296,49 MONADNOCK RD
18243401,14 SIGOURNEY ST
18243453,56 EDGEWORTH ST
18243460,228 LINCOLN ST
18243471,46 OAK KNOLL
18243485,10 DRYDEN ST
18243527,1403A PLEASANT ST
18243597,5 JEREMIAH'S LN
18243631,7 CASCADE RD
18243667,402 GROVE ST
18243685,85 LAKE AVE NORTH
18243698,47 SAGAMORE RD
18243750,15 OAK KNOLL
18243767,1278 PLEASANT ST
18243801,37 WINNECONNETT RD
18243918,32 CHATANIKA AVE
18243935,31 ELLIS DR
18243944,41 TIVERTON PKWY
18244015,17 OAK KNOLL
18244046,33 DOMINION RD
18244054,78 COPPERFIELD RD
18244076,6 JEREMIAH'S LN
18244079,11 OAK KNOLL
18244096,125 GREEN HILL PKWY
18244119,31 HARLOW ST
18244227,11 WINNECONNETT RD
18244291,4 JEREMIAH'S LN
18244337,56 WESTMINSTER ST
18244344,39 MOHICAN RD
18244374,81 PARK AVE
18244380,16 PARK AVE
18244416,44 OAK KNOLL
18244419,17 TATNUCK GARDENS
18244497,2 DOMINION RD
18244501,255 SALISBURY ST
18244525,19 NORTH ST
18244551,33 SAGAMORE RD
18244573,8 BLAIR ST
18244630,17 SOUTHVIEW RD
18244702,50 OFFICER MANNY FAMILIA WAY
18244753,1315 PLEASANT ST
18244768,18 WRENTHAM RD
18244876,255 BROOKS ST
18244877,526 BURNCOAT ST
18244917,38ATORY FORT LN
18244983,178 LINCOLN ST
18245034,242 SALISBURY ST
18245056,231 GROVE ST
18245079,130A NEWTON AVE NORTH
18245145,41 OAK KNOLL
18245196,8 JEREMIAH'S LN
18245197,4 1/2 STURGIS ST
18245243,8 SIGOURNEY ST
18245370,53 MOHICAN RD
18245383,35 ORNE ST
18245471,5 DENMARK ST
18245477,425C SALISBURY LN
18245491,33 PARK AVE
18245493,12 ST. PAUL DR
18245527,16 GLEN ELLEN RD
18245535,121D BAILEY ST
18245538,99 PRESCOTT ST
18245583,15 WINNECONNETT RD
18245622,1029 PLEASANT ST
18245641,20 MOHICAN RD
18245774,33 EVERARD ST
18245778,38 TIVERTON PKWY
18245862,71 EDGEWORTH ST
18245905,155 LINCOLN ST
18245914,1 PERKINS ST
18245965,363 BELMONT ST
18246025,61 CHANNING ST
18246078,149 LINCOLN ST
18246125,120 PRESCOTT ST
18246179,33 MOHICAN RD
18246183,35 MOHICAN RD
18246196,180 GROVE ST
18246205,10 MOUNT HOPE TER
18246218,375 AIRPORT DR
18246231,13A MONTVALE RD
18246247,827 PLEASANT ST
18246257,42-44 MASSACHUSETTS AVE
18246307,3 OAK KNOLL
18246336,223 LINCOLN ST
18246400,919 PLEASANT ST
18246462,8 DRURY LN
18246463,26 BREWSTER RD
18246474,30A KINNICUTT RD
18246475,617 MILL ST
18246513,23 GLEN ELLEN RD
18246585,50 CROYDON RD
18246634,30 HERMITAGE LN
18246673,17 WINDSOR ST
18246684,16 BUTTON ST
18246739,2 OAK KNOLL
18246756,44 SALISBURY ST
18246791,25 ELLIS DR
18246816,5 EAST KENDALL ST
18246821,31 RODNEY ST
18246833,40 OAK KNOLL
18246836,32 CONGER RD
18246867,73 LANCASTER ST
18246872,29 OLGA AVE
18246944,270A BELMONT ST
18246950,558 MILL ST
18246990,424 BELMONT ST
18247044,10 ST. PAUL DR
18247047,141 GROVE ST
18247054,19 FORESTDALE RD
18247119,2 ODEN AVE
18247130,375 AIRPORT DR
18247138,25 MABELLE ST
18247140,33 LINCOLN ST
18247162,5 FOXMEADOW DR
18247251,16 MORELAND ST
18247302,5 BREWSTER RD
18247318,6 FORESTDALE RD
18247332,7 WILLARD AVE
18247335,20 CRESCENT ST
18247369,375 AIRPORT DR
18247383,20 GLEN ELLEN RD
18247401,28 BREWSTER RD
18247405,3 CRICKETT LN
18247434,36 BRANTWOOD RD
18247454,85 SALISBURY ST
18247462,8 LAKE AVE NORTH
18247475,19 BRECK ST
18247631,4 MOWER ST
18247673,188 PARK AVE
18247675,31 LINCOLN ST
18247682,5 RENA ST
18247703,26 BOYNTON ST
18247705,25 OAK AVE
18247726,41 KINNICUTT RD
18247727,43 CRESCENT ST
18247729,150 LINCOLN ST
18247742,20 LISCOMB ST
18247747,5 ST. ELMO RD
18247804,262 BELMONT ST
18247863,1123 PLEASANT ST
18247890,11 BREWSTER RD
18247916,570 MILL ST
18247960,8A ROBERTSON RD
18248015,6 ST. ELMO RD
18248039,9 OLGA AVE
18248051,1 ST. ELMO RD
18248094,19 PRENTICE ST
18248098,81 INSTITUTE RD
18248108,16 MCRAE CT
18248138,7 ST. ELMO RD
18248162,9 CRICKETT LN
18248166,7 CRICKETT LN
18248175,5 CRICKETT LN
18248190,11 SOUTHVIEW RD
18248203,3 SOUTHVIEW RD
18248215,9 ST. ELMO RD
18248290,49 BANCROFT TOWER RD
18248417,889 PLEASANT ST
18248436,48 RICHMOND AVE
18248438,36 BREWSTER RD
18248454,33 KENDALL ST
18248477,1 OLGA AVE
18248488,34 INSTITUTE RD
18248504,2A KENILWORTH RD
18248505,10 CRICKETT LN
18248506,6 CRICKETT LN
18248511,29 BEECHMONT ST
18248588,20 LAURELDALE RD
18248618,5 OLGA AVE
18248629,3 OLGA AVE
18248641,114 STANTON ST
18248745,12 ST. ELMO RD
18248750,10 TAHANTO RD
18248766,370 BELMONT ST
18248767,352 BELMONT ST
18248768,312 BELMONT ST
18248773,378 BELMONT ST
18248786,6 INSTITUTE RD
18248798,147 BELMONT ST
18248809,15 TAHANTO RD
18248812,4 ST. ELMO RD
18248816,3 RENA ST
18248854,43 CRESCENT ST
18248876,128 LINCOLN ST
18248887,1 CRICKETT LN
18248891,23 HENCHMAN ST
18248915,13 ST. ELMO RD
18248996,106 LINCOLN ST
18249013,626 CHANDLER ST
18249037,11 ST. ELMO RD
18249061,28 VELANDER ST
18249071,14 ST. ELMO RD
18249078,157 BELMONT ST
18249092,16 1/2 CAPRERA RD
18249097,26 IOWA ST
18249126,7 WESTMINSTER ST
18249127,28 CHANNING ST
18249153,16 ST. ELMO RD
18249179,18 WINDSOR ST
18249180,19 HENCHMAN ST
18249227,39 SALISBURY ST
18249230,11 OLGA AVE
18249336,1 DRURY LN
18249422,428 SHREWSBURY ST
18249425,201-206 RUSSELL ST
18249442,30 MOUNT VERNON ST
18249460,34A ADAMS ST
18249473,18 ST. ELMO RD
18249477,7 VENTURA RD
18249501,43 CRESCENT ST
18249560,149 ELLIOTT ST
18249583,238 BELMONT ST
18249625,798 PLEASANT ST
18249628,40 HIGHLAND ST
18249669,9 BEECHING ST
18249794,8 CRICKETT LN
18249843,4A ST. ELMO RD
18249851,10 ST. ELMO RD
18249894,25 BELMONT ST
18249897,4 ELIZABETH ST
18249910,15 EVERARD ST
18249919,7 OLGA AVE
18249925,2 ELBRIDGE ST
18249938,525 CHANDLER ST
18249959,28 ADAMS ST
18249971,67 BELMONT ST
18249995,6 MOUNT VERNON ST
18250009,26 LONGWORTH RD
18250015,4 CRICKETT LN
18250023,1-3 IOWA ST
18250050,44 WACHUSETT ST
18250064,137 BELMONT ST
18250065,278 BELMONT ST
18250066,17 DANIELS ST
18250081,16 SALISBURY ST
18250091,22 ST. ELMO RD
18250126,22 NEWTON AVE
18250154,166A EASTERN AVE
18250221,10 LAKE AVE NORTH
18250239,165 BELMONT ST
18250241,23 EINHORN RD
18250256,80 STANTON ST
18250273,65 LAKE AVE
18250274,25A LOCUST AVE
18250279,53 WACHUSETT ST
18250344,118 HIGHLAND ST
18250388,539 MILL ST
18250404,24 ST. ELMO RD
18250409,88 BELMONT ST
18250415,8 EARLE TER
18250416,7 GRANBY RD
18250417,9 PALMER ST
18250425,16 WESTVIEW RD
18250431,86 NEWTON AVE NORTH
18250470,616-620 CHANDLER ST
18250498,32 ALVARADO AVE
18250527,26 ST. ELMO RD
18250586,3 IVANHOE RD
18250637,157 WEST ST
18250661,25 ST. ELMO RD
18250664,542A CHANDLER ST
18250687,29 ST. ELMO RD
18250688,41A ALVARADO AVE
18250694,61 NORTH ASHLAND ST
18250713,27 ST. ELMO RD
18250785,93 HIGHLAND ST
18250792,17 CRESTON ST
18250835,157 HIGHLAND ST
18250844,321 PLANTATION ST
18250895,1 HOWE ST
18250901,43 HARVARD ST
18250904,258 HIGHLAND ST
18250915,31 ST. ELMO RD
18250917,21 1/2 ELIZABETH ST
18250960,142 BELMONT ST
18250963,140 BELMONT ST
18250975,20 ST. ELMO RD
18250980,128 BELMONT ST
18250983,1 HIGHLAND ST
18251007,375 AIRPORT DR
18251014,503 SHREWSBURY ST
18251064,122 BELMONT ST
18251092,338 PLANTATION ST
18251105,170 EASTERN AVE
18251122,32 WILLARD AVE
18251132,10 SALISBURY CRAG
18251136,363 BELMONT ST
18251164,28 ST. ELMO RD
18251174,123 HIGHLAND ST
18251195,34 ST. ELMO RD
18251230,94 HIGHLAND ST
18251243,330 PLANTATION ST
18251249,30 ST. ELMO RD
18251256,91 MERRIFIELD ST
18251273,9 1/2 CRESTON ST
18251276,200 HIGHLAND ST
18251305,546 1/2 CHANDLER ST
18251310,129 HIGHLAND ST
18251319,10 NEWPORT ST
18251324,228 PARK AVE
18251325,5 WHITE BIRCH DR
18251346,22 WELLS ST
18251349,280 HIGHLAND ST
18251383,47 ALVARADO AVE
18251395,711 PLEASANT ST
18251396,1 HECLA ST
18251406,31 ELIZABETH ST
18251419,37 SOMERSET ST
18251441,38 ROXBURY ST
18251462,710 PLEASANT ST
18251464,328 SHREWSBURY ST
18251474,1119 PLEASANT ST
18251490,6 GLEN ELLEN RD
18251521,33 WACHUSETT ST
18251547,1 NEWTON AVE
18251578,51 NORTH ASHLAND ST
18251600,33 ST. ELMO RD
18251605,51 SOLFERINO ST
18251622,14 ORMOND ST
18251633,20-60 EVERETT GAYLORD BLVD
18251635,486 CHANDLER ST
18251653,1052 PLEASANT ST
18251667,49 EVERARD ST
18251672,7 URECO TER
18251692,40 OAK AVE
18251704,74 CHILMARK ST
18251705,9 DENNY ST
18251724,316A HIGHLAND ST
18251742,90 MAIN ST
18251756,27 WACHUSETT ST
18251757,336 SHREWSBURY ST
18251825,32 DIX ST
18251846,16 TERRACE DR
18251848,15 BREWSTER RD
18251865,1126-1128 PLEASANT ST
18251885,26A SOLFERINO ST
18251893,52 SOLFERINO ST
18251897,121 RUSSELL ST
18251989,23 JOPPA RD
18251990,1 ROBIN HOOD RD
18251997,101 PRESCOTT ST
18252034,363 PLANTATION ST
18252067,21 ST. ELMO RD
18252087,50 HARVARD ST
18252111,8 WESTLAND ST
18252123,15 BERKSHIRE ST
18252162,6-8 ST. MARK'S RD
18252198,32 ST. ELMO RD
18252266,19 BREWSTER RD
18252267,71 1/2 CHILMARK ST
18252288,36 ST. ELMO RD
18252304,10 GLEN ELLEN RD
18252328,1112 PLEASANT ST
18252359,45 EVERARD ST
18252371,1058-1062 PLEASANT ST
18252396,835 PLEASANT ST
18252400,419 BELMONT ST
18252486,83-85 MOORE AVE
18252525,17 BRIDEN ST
18252526,5A FORESTDALE RD
18252538,21 BREWSTER RD
18252567,80 SALISBURY ST
18252571,21 INTERVALE RD
18252594,2 AIRPORT DR
18252604,46 ROXBURY ST
18252612,318 PLANTATION ST
18252617,49 ROXBURY ST
18252640,33 GLEN ST
18252667,346 SHREWSBURY ST
18252672,35 HARVARD ST
18252683,63-65 MERRIFIELD ST
18252684,45 FRANK ST
18252707,92 EASTERN AVE
18252709,59 MERRIFIELD ST
18252823,15 GLEN ELLEN RD
18252875,126 ELM ST
18252900,30 1/2 GLEN ST
18252910,7 STATE ST
18252916,20 BREWSTER RD
18252963,22 ORMOND ST
18252983,361 HOLDEN ST
18253022,39 CHILMARK ST
18253077,11 HARVARD ST
18253095,182 SOUTH FLAGG ST
18253112,2 SEWARD ST
18253125,281 SHREWSBURY ST
18253160,61 FRANK ST
18253162,5 STATE ST
18253256,114 ELM ST
18253277,5R SEWARD ST
18253308,2 LOIS LN
18253397,56 BOWDOIN ST
18253421,104 PRESCOTT ST
18253454,82 THOMAS ST
18253477,79 PRUDENTIAL RD
18253502,99 SALISBURY ST
18253508,63 RODNEY ST
18253631,24 FREDERICKSON AVE
18253682,2A SOUTHVIEW RD
18253692,4 ST. MARK'S RD
18253708,18 FREDERICKSON AVE
18253744,16 FREDERICKSON AVE
18253790,2 EASTERN AVE
18253809,1110 PLEASANT ST
18253864,20 FREDERICKSON AVE
18253878,22 FREDERICKSON AVE
18253928,31 SHAMROCK ST
18253938,9 FISKE ST
18253946,164 SHREWSBURY ST
18253987,29 DUNDEE CT
18253997,11A-11BBIRMINGHAM RD
18254047,9 ROYCROFT RD
18254055,41 FREDERICKSON AVE
18254122,4A RUTH ST
18254176,72 GARRISON AVE
18254177,711 WEST BOYLSTON ST
18254200,28 JOPPA RD
18254274,495 MILL ST
18254287,18 RESERVOIR ST
18254302,40 CHILMARK ST
18254310,34 BOYNTON ST
18254323,12A CHANNING ST
18254382,78 1/2 ELM ST
18254467,2 GAGE ST
18254520,10 GINGERBREAD TRAIL
18254527,15A NORTHBORO ST
18254532,13 WACHUSETT ST
18254555,6-10 C WALDO ST
18254595,56 ELM ST
18254596,339 MAIN ST
18254659,57 MOUNT AVE
18254738,185 SHREWSBURY ST
18254804,486 CHANDLER ST
18254805,12 MONROE AVE
18254819,7 LAKE VIEW ST
18254853,23 NORTH ASHLAND ST
18254934,12 MARLBORO ST
18254935,60 EASTERN AVE
18254946,46 BOWDOIN ST
18254975,26-28 SOMERSET ST
18254988,134 GLENDALE ST
18254991,123A LAKE AVE
18255057,258 MOUNTAIN ST EAST
18255058,11 ST. NICHOLAS AVE
18255059,24 STANLEY RD
18255101,38 BOWDOIN ST
18255117,24 EDEN ST
18255138,4 ST. NICHOLAS AVE
18255149,164 SOUTH FLAGG ST
18255181,27 WILSON ST
18255188,9 ST. NICHOLAS AVE
18255326,168 SOUTH FLAGG ST
18255332,118 MAIN ST
18255377,64 LAUREL ST
18255395,115 COBURN AVE
18255403,33 MERRIFIELD ST
18255424,271A HARRINGTON WAY
18255449,15 SEWARD ST
18255499,27 DUNDEE CT
18255506,102 CHICOPEE ST
18255579,2A PELHAM ST
18255596,16A-16BMARLAND RD
18255677,48 BROWNELL ST
18255742,19 OXFORD ST
18255743,56 SHREWSBURY ST
18255773,105 GAGE ST
18255798,42 MERRIFIELD ST
18255804,94 WEST ST
18255813,96 JUNE ST
18255816,198 NORFOLK ST
18255843,108 PIEDMONT ST
18255857,351 JUNE ST
18255893,3 ZENITH DR
18255916,555 PLEASANT ST
18255932,77 ALVARADO AVE
18255962,2 AMANOLA AVE
18256048,5 ST. NICHOLAS AVE
18256085,67 CHATHAM ST
18256105,35 EDWARD ST
18256106,8 1/2 SHERBROOK AVE
18256120,8-14 HOME ST
18256227,15 ALBANY ST
18256286,450 FRANKLIN ST
18256287,1 NEW BOND ST
18256313,21 HOME ST
18256326,76 WEST ST
18256345,317 SHREWSBURY ST
18256350,19 GERTRUDE AVE
18256382,90 WEST ST
18256394,144 MAIN ST
18256419,39 PALISADES ST
18256428,298 PLANTATION ST
18256454,311 SHREWSBURY ST
18256469,44 ELM ST
18256475,14 ITAM CT
18256483,14 DEMARCO TER
18256487,188 1/2 NORFOLK ST
18256500,16 DEMARCO TER
18256517,1 1/2 LYON PL
18256527,275 PLEASANT ST
18256546,59-61 MERRICK ST
18256568,305-307 CHANDLER ST
18256571,26 OXFORD ST
18256607,48 NORTHBORO ST
18256623,10 FANTASIA DR
18256641,2A CHICOPEE ST
18256656,29 MERRIFIELD ST
18256679,156 MAIN ST
18256681,11 SEWARD ST
18256700,50 NONQUIT ST
18256713,175 MAIN ST
18256724,3 MARLBORO ST
18256741,21 DEWEY ST
18256774,1 QUINCY ST
18256797,32 1/2 JOHN ST
18256804,96 CHICOPEE ST
18256819,18 JOHN ST PL
18256835,1 SEVER ST
18256839,51 TOWNSEND ST
18256878,264 PARK AVE
18256906,2 FOSTER ST
18256944,114REA JUNE ST
18256945,179 PLEASANT ST
18256977,528 FRANKLIN ST
18256985,30 RUSSELL ST
18257009,10 HURTLE AVE
18257026,18 COPPAGE DR
18257030,15 DEWEY ST
18257031,75 CHATHAM ST
18257071,473 MILL ST
18257126,10 CHESTNUT ST
18257132,256 PARK AVE
18257165,386 MAIN ST
18257179,15 TOWNSEND ST
18257230,13 LORD ST
18257271,29 BLUFF ST
18257331,15 WAITE ST
18257347,129 PLEASANT ST
18257372,283 LAKE AVE
18257396,6-20 PORTLAND ST
18257405,72 WEST ST
18257474,149 SHREWSBURY ST
18257477,691 FRANKLIN ST
18257511,421 CHANDLER ST
18257537,38 1/2 BOWDOIN ST
18257577,33-35 BERKMANS ST
18257580,18 WEST ST
18257644,129 SHREWSBURY ST
18257663,4 ASHLAND ST
18257694,126 JUNE ST
18257701,5 AYRSHIRE RD
18257716,15 1/2 MONTGOMERY AVE
18257718,242 PLEASANT ST
18257720,104 SHREWSBURY ST
18257727,91 PLEASANT ST
18257730,365 PLEASANT ST
18257795,406 CHANDLER ST
18257805,45 MONTGOMERY AVE
18257834,2 FIR CT
18257837,446 FRANKLIN ST
18257847,21 MARCY ST
18257849,7 AUGUSTA ST
18257860,125 ORIENT ST
18257907,18 FLETCHER ST
18257921,284 LAKE AVE
18257925,16 MASON ST
18257928,300 CHANDLER ST
18257936,214 AUSTIN ST
18257940,278 COBURN AVE
18257961,14A WALNUT HILL DR
18257985,14 AMANOLA AVE
18258049,528 PLEASANT ST
18258084,8 CONGRESS ST
18258111,45 LAUREL ST
18258113,288 SHREWSBURY ST
18258154,14-14 A OXFORD ST
18258163,29 IROQUOIS ST
18258165,27 EAST WORCESTER ST
18258215,86 MURRAY AVE
18258225,51 PIEDMONT ST
18258250,1 ENVELOPE TER
18258291,20 ENVELOPE TER
18258292,222 PLANTATION ST
18258299,22 ALBANY ST
18258356,45 GLENDALE ST
18258363,193 PLEASANT ST
18258366,305 PLEASANT ST
18258399,52 ANCONA RD
18258421,4 RIDGE ST
18258431,52 1/2 WALL ST
18258442,15 DIVISION ST
18258488,370 PLEASANT ST
18258525,383-393 CHANDLER ST
18258541,13 DIVISION ST
18258544,1 KEESE ST
18258563,45 MERRICK ST
18258565,2 WASHINGTON SQ
18258574,93 WESTVIEW RD
18258575,52 EASTERN AVE
18258588,300 PLEASANT ST
18258590,24 LYON ST
18258603,18 ALBANY ST
18258606,425 PLEASANT ST
18258635,200 SUMMER ST
18258636,85 EAST WORCESTER ST
18258639,344 PLEASANT ST
18258646,222 HARRINGTON WAY
18258677,10 CHANDLER ST
18258697,9 IROQUOIS ST
18258749,82 WINTER ST
18258758,372 PARK AVE
18258762,11 EASTHAM ST
18258772,35 WALL ST
18258773,13 1/2 BLUFF ST
18258789,50-54 OUTLOOK DR
18258792,365 HAMILTON ST
18258801,98-100 WINFIELD ST
18258816,6 CROWN ST
18258822,27 IRVING ST
18258869,86 WINTER ST
18258870,50 GREEN ST
18258872,4 DELMONT AVE
18258877,41 HARRINGTON WAY
18258897,226 COBURN AVE
18258938,88 SHREWSBURY ST
18258951,48 MADISON ST
18258970,379 PARK AVE
18258993,294-296 PLEASANT ST
18259006,2 BROWNELL CIR
18259048,100 SHREWSBURY ST
18259054,19 MECHANIC ST
18259069,45A PILGRIM AVE
18259087,11 DALE ST
18259101,3 PASSWAY FOUR
18259102,109 MAYFIELD ST
18259144,388 PARK AVE
18259152,343 HAMILTON ST
18259167,4 WINSLOW ST
18259176,36 MERRICK ST
18259184,347A CHANDLER ST
18259194,12-14 EAST WORCESTER ST
18259256,39 PIEDMONT ST
18259357,1 LONGFELLOW RD
18259363,130 ORIENT ST
18259391,55 MASON ST
18259459,10 GATES RD
18259466,37 ILLINOIS ST
18259491,37 GATES LN
18259506,92 GATES ST
18259510,48 STERLING ST
18259520,94 GATES ST
18259521,46 KENBERMA RD
18259530,24 WASHBURN ST
18259562,13 CAMBRIDGE ST
18259687,283 PARK AVE
18259743,126 DEWEY ST
18259774,14 SYCAMORE ST
18259779,16 MIDDLESEX AVE
18259808,2A HOMESTEAD AVE
18259824,1220 MAIN ST
18259826,172 PERRY AVE
18259862,37 THORNE ST
18259897,5 FAIRBANKS ST
18259948,15 MIDDLESEX AVE
18259991,3A WISTERIA ST
18260009,84 MURRAY AVE
18260025,663 MAIN ST
18260033,13A SUPERIOR RD
18260052,18 PRESTON ST
18260072,326 CHANDLER ST
18260124,315 HAMILTON ST
18260125,14 DECATUR ST
18260203,226A CHANDLER ST
18260220,98 AUSTIN ST
18260334,161 PERRY AVE
18260349,20 BERGIN LN
18260380,25 HAROLD ST
18260384,72 MASON ST
18260523,700-704 MAIN ST
18260532,63-65 FAIRMONT AVE
18260562,24 BERGIN LN
18260564,717 MAIN ST
18260581,22 WALL ST
18260590,99 GREEN ST
18260607,57-63 OUTLOOK DR
18260637,232 LOVELL ST
18260681,703 MAIN ST
18260738,766 MAIN ST
18260767,50 HEYWOOD ST
18260804,395 PARK AVE
18260838,114 HARRINGTON WAY
18260840,18 SWAN AVE
18260858,8 AUSTIN ST
18260859,107 CHANDLER ST
18260885,2-4 FRANCIS R. CARROLL PLZ
18260897,127 CHANDLER ST
18260898,2 SHALE ST
18260905,69-73 OUTLOOK DR
18260950,90 FRANKLIN ST
18260962,151 CHANDLER ST
18260963,54 REED ST
18260980,595 MAIN ST
18261006,93 PLANTATION ST
18261014,116 GREEN ST
18261020,37 CHANDLER ST
18261029,224 1/2 CHANDLER ST
18261047,30 THORNE ST
18261061,18 CHARLTON ST
18261111,28-30 KING ST
18261112,2 DUPONT ST
18261142,21 DILLON ST
18261160,180 HARDING ST
18261223,58 MINTHORNE ST
18261243,280 HAMILTON ST
18261260,40ACIRCUIT AVE EAST
18261263,54 MINTHORNE ST
18261267,172 GRAFTON ST
18261268,156 HARDING ST
18261292,294 HAMILTON ST
18261333,16 ORIENT ST
18261352,424 PARK AVE
18261382,29 PASSWAY FIVE
18261383,9 ANDERSON AVE
18261411,3 MAPLE TREE LN
18261415,769 MAIN ST
18261438,32-34 FAIRFIELD ST
18261442,107 FAIRMONT AVE
18261448,44 CIRCUIT AVE NORTH
18261456,13 POND ST
18261516,141 HARDING ST
18261523,30 MINTHORNE ST
18261534,2 PASSWAY FIVE
18261548,48 WATER ST
18261613,25 CHARLTON ST
18261648,46 HURTLE AVE
18261653,28 AETNA ST
18261661,13 HYANNIS PL
18261667,108A AUSTIN ST
18261668,38-42 OXFORD ST
18261686,46 HIGH ST
18261725,163 MILLBURY ST
18261737,1 WYMAN ST
18261738,70 RICHLAND ST
18261790,52 OXFORD ST
18261813,11 PALISADES ST
18261816,38 PASSWAY ONE
18261837,146 PLANTATION ST
18261839,15 MANN ST
18261854,68 REED ST
18261870,148-150 CHANDLER ST
18261915,5 1/2 ELMIRE AVE
18261931,38 FAIRFIELD ST
18261935,19 WESTFIELD ST
18261965,32 PROVIDENCE ST
18261974,194 GRAFTON ST
18261981,58A CIRCUIT AVE NORTH
18261990,30 PASSWAY FIVE
18262002,19 JACKSON ST
18262008,315 GRAFTON ST
18262027,423 PARK AVE
18262042,19 WALL ST
18262050,19 WOODLAND ST
18262066,22 COMMONWEALTH AVE
18262082,46 IRVING ST
18262098,61 HAMILTON ST
18262119,345-353 GRAFTON ST
18262129,53 HERMON ST
18262160,1 SALEM SQ
18262166,36 PASSWAY ONE
18262178,1 CHANDLER ST
18262180,10 SHALE ST
18262188,55 unit 1-4BOTANY BAY RD
18262201,51 HAMILTON ST
18262272,53 CHANDLER ST
18262288,66 WAVERLY ST
18262337,42 AMBER ST
18262344,200-202 CHANDLER ST
18262349,75 PIEDMONT ST
18262352,38 SWAN AVE
18262353,300 LAKE AVE
18262366,21 MIDDLESEX AVE
18262401,9A-9B FOURTH ST
18262417,311 GRAFTON ST
18262420,21 ANDERSON AVE
18262424,155 HAMILTON ST
18262429,271 GRAFTON ST
18262454,17 KING ST
18262471,18 SHEPARD ST
18262475,244 GRAFTON ST
18262516,8 BARCLAY ST
18262519,46 MIDDLESEX AVE
18262546,6 JAQUES AVE
18262560,169 CHANDLER ST
18262566,34 SWAN AVE
18262570,50 AMBER ST
18262579,81 CHANDLER ST
18262605,15-17 WILLIAMSBERG DR
18262615,21 POND ST
18262657,43 MAY ST
18262700,284 GRAFTON ST
18262707,126 WATER ST
18262736,79 WATER ST
18262754,35 BOSTON AVE
18262788,37 1/2 PROVIDENCE ST
18262818,49-51 WALWORTH ST
18262838,2 MENDON ST
18262844,92 HAMILTON ST
18262856,357 GRAFTON ST
18262876,7A CLARKSON ST
18262884,2 STANDISH ST
18262887,3 CUTLER ST
18262892,318 GRAFTON ST
18262935,2 OREAD ST
18262942,72 PLANTATION ST
18262949,17 FARRAR AVE
18262993,25 VALMOR ST
18262994,17 MONFORT ST
18263020,184 DEWEY ST
18263047,66 HAMILTON ST
18263059,6 KINGSBURY ST
18263067,3 FARRINGTON ST
18263096,411A LAKE AVE
18263116,42 GRAND ST
18263138,64 WOODLAND ST
18263160,5 RUGBY ST
18263179,541 GRAFTON ST
18263224,41 CLIFTON ST
18263228,378 BRIDLE PATH
18263248,68 CHANDLER ST
18263252,200 FRANKLIN ST
18263256,2 COPPAGE DR
18263257,12 1/2 NORFOLK ST
18263268,23 1/2 SIGEL ST
18263282,42 SWAN AVE
18263301,55 GATES ST
18263315,39 SWAN AVE
18263336,30 CHANDLER ST
18263337,5 JAQUES AVE
18263344,5 ARCTIC ST
18263359,1 JAQUES AVE
18263434,10A PARIS AVE
18263578,4 CAROLINE ST
18263591,336 GRAFTON ST
18263614,43 WALWORTH ST
18263617,196 CHANDLER ST
18263633,31 CHANDLER ST
18263650,355 GRAFTON ST
18263674,88 DELMONT AVE
18263679,13 JAQUES AVE
18263683,53 SWAN AVE
18263684,4 PALISADES ST
18263726,44 WELLINGTON ST
18263731,33 FAIRMONT AVE
18263734,75 WINFIELD ST
18263745,26 ETHAN ALLEN ST
18263750,36 SUPERIOR RD
18263772,37 DUDLEY PL
18263774,8 HYGEIA ST
18263785,321 GRAFTON ST
18263790,78-78 CWAVERLY ST
18263794,25-29 MAYSIDE LN
18263797,19 KING ST
18263824,796 MAIN ST
18263834,15 1/2 KINGSBURY ST
18263838,26 ARCTIC ST
18263843,68 PLANTATION ST
18263857,20 WARNER AVE
18263880,808 MAIN ST
18263882,333 GRAFTON ST
18263884,17 OREAD PL
18263886,41 JACKSON ST
18263894,5 OREAD ST
18263918,48 1/2 PROVIDENCE ST
18263921,34 LISBON ST
18263936,5 1/2 PEMBROKE ST
18263963,25 ETHAN ALLEN ST
18263994,370 PARK AVE
18264022,11 SECOND ST
18264031,60 FOURTH ST
18264047,4 MAY ST
18264063,57 HARRISON ST
18264064,456 PARK AVE
18264117,24B TRAHAN AVE
18264133,367 PARK AVE
18264139,20-20 APASSWAY THREE
18264148,143 DEWEY ST
18264173,38 MASON ST
18264209,20 CHARLTON ST
18264214,229 SOUTHBRIDGE ST
18264244,2 MAY ST
18264247,50 PENN AVE
18264355,100 BEACON ST
18264365,163 MADISON ST
18264371,58 BOSTON AVE
18264373,41 CORAL ST
18264418,48 CIRCUIT AVE WEST
18264436,358 GRAFTON ST
18264474,13 1/2 MENDON ST
18264489,21 FLORENCE ST
18264548,829 MAIN ST
18264561,5 MODOC ST
18264633,17 WARD ST
18264635,420 GRAFTON ST
18264657,95 MILLBURY ST
18264664,6 WESCOTT ST
18264694,48 BARCLAY ST
18264701,520 PARK AVE
18264704,142 WOODLAND ST
18264714,186 INGLESIDE AVE
18264731,24 HAMILTON ST
18264763,18 PROGRESSIVE ST
18264766,21 BEAVER ST
18264779,6 CHENEY ST
18264785,37A MASSASOIT RD
18264827,6 GATES ST
18264829,75 BEAVER ST
18264834,2 SOUTH BUFFUM ST
18264838,68-72 JAQUES AVE
18264922,54 PROVIDENCE ST
18264963,71 PARK TERRACE RD
18264995,73 CANTERBURY ST
18265045,184 COHASSET ST
18265055,12 1/2 BENEFIT ST
18265066,138 INGLESIDE AVE
18265068,25 BARCLAY ST
18265073,59 PROVIDENCE ST
18265085,88 WARD ST
18265092,86 GARDNER ST
18265127,4 TIMROD DR
18265179,51 WELLINGTON ST
18265182,38 SUPERIOR RD
18265227,11 HOUGHTON ST
18265253,305 SWAN AVE
18265264,5 KENYON AVE
18265285,22 INVERNESS AVE
18265320,30 DOWNING ST
18265331,51 CIRCUIT AVE SOUTH
18265365,5 BOYS & GIRLS CLUB WAY
18265374,116 MILLBURY ST
18265387,897 MAIN ST
18265388,287 WILDWOOD AVE
18265408,49 PENN AVE
18265447,30 WELLINGTON ST
18265481,160 GODDARD MEMORIAL DR
18265484,54 JACKSON ST
18265518,15 HOUGHTON ST
18265591,193 LOVELL ST
18265612,45 GRAND ST
18265694,277-279 FAIRMONT AVE
18265712,18 MASSASOIT RD
18265751,16-18 B MILLBURY ST
18265774,404 LAKE AVE
18265799,7-9 SUFFIELD ST
18265831,90 LAMARTINE ST
18265833,110 DELMONT AVE
18265851,54 PLANTATION ST
18265885,3 MAYWOOD ST
18265901,83 FOX ST
18265949,55A WYOLA DR
18265955,116 HOUGHTON ST
18265965,38-40 MARBLE ST
18266078,412 LAKE AVE
18266099,71 COMMONWEALTH AVE
18266100,59 CHARLOTTE ST
18266146,400 LAKE AVE
18266170,73 COES ST
18266173,11 WINTHROP ST
18266187,801 GRAFTON ST
18266216,4 CHENEY ST
18266228,11 BENEFIT ST
18266257,13 BUFFUM ST
18266287,1 BOYS & GIRLS CLUB WAY
18266353,414 LAKE AVE
18266358,10 NUTTALL LN
18266389,115 LOVELL ST
18266390,143 MAYWOOD ST
18266407,6 HURTLE AVE
18266424,482 PARK AVE
18266433,354 LAKE AVE
18266438,6 THAYER CT
18266453,501 SOUTHBRIDGE ST
18266457,25 ARTHUR ST
18266462,30 CLIFTON ST
18266464,51 ERNEST AVE
18266477,49 CHARLOTTE ST
18266514,33A OBERLIN ST
18266578,70 CANTERBURY ST
18266599,31 COUNTY ST
18266622,1-3 COUNTY ST
18266679,8 ALLEN ST
18266687,11 ARTHUR ST
18266748,53B WYOLA DR
18266749,10 WINTHROP ST
18266759,64 DELAWANDA DR
18266799,9 BEN DR
18266848,193 INGLESIDE AVE
18266890,83 LAMARTINE ST
18266893,95 GLEZEN ST
18266902,9 ROATH ST
18266908,4 1/2 HAMMOND ST
18266914,6 CLAREMONT SQ
18266919,24A PURITAN AVE
18267005,110 LOVELL ST
18267030,6 BOYS & GIRLS CLUB WAY
18267031,215 MILL ST
18267052,27 MARJORIE ST
18267076,21 CANTERBURY ST
18267110,4 NANITA ST
18267128,59 ANDERSON AVE
18267129,47 FARRAR AVE
18267142,80-82 COHASSET ST
18267145,8 CLAREMONT ST
18267157,13 LAMARTINE ST
18267180,2 NANITA ST
18267185,35 MILLBURY ST
18267188,1 TAYLOR ST
18267236,409 LAKE AVE
18267243,2A-2BNUTTALL LN
18267312,861 GRAFTON ST
18267334,7 BOYS & GIRLS CLUB WAY
18267336,220 FAIRMONT AVE
18267339,201 INGLESIDE AVE
18267345,19 TAYLOR ST
18267361,278 MILLBURY ST
18267381,9 BOYS & GIRLS CLUB WAY
18267384,166 BEACON ST
18267427,1 ALPINE ST
18267442,83 MIDDLESEX AVE
18267445,6 WAPITI DR
18267515,0 CANTON ST
18267531,112 WOODLAND ST
18267537,35 AETNA ST
18267540,38 BARCLAY ST
18267547,1002-1008 A MAIN ST
18267552,59-61 PROGRESSIVE ST
18267580,265 MILL ST
18267582,149 INGLESIDE AVE
18267584,49A FARRAR AVE
18267588,14 STEVENS RD
18267606,7 LAMARTINE ST
18267613,151 WOODLAND ST
18267624,194 PILGRIM AVE
18267654,21 AETNA ST
18267680,163 WASHINGTON ST
18267702,78 CANTERBURY ST
18267708,95 VERNON ST
18267736,39 PERRY AVE
18267775,100 LAMARTINE ST
18267787,331 BRIDLE PATH
18267788,6 HAMMOND ST
18267804,20 HURTLE AVE
18267810,10 BENEFIT TER
18267817,4 WAPITI DR
18267826,339 LAKE AVE
18267865,40 ELLSWORTH ST
18267884,10 TAINTER ST
18267892,88A COMMONWEALTH AVE
18267909,25 QUINSIGAMOND AVE
18267927,18 LAMAR AVE
18267928,9 ALBERT ST
18267945,59 QUINSIGAMOND AVE
18267947,5 RICHARDS ST
18267966,78 1/2 WARD ST
18268033,135 MILLBURY ST
18268042,13 DAVIS WAY
18268052,13 VINEYARD ST
18268055,865 MAIN ST
18268065,44 HURTLE AVE
18268127,114 WOODLAND ST
18268138,880 MAIN ST
18268147,26 JEFFERSON ST
18268283,96 ANGELO ST
18268322,5 SANDY BAR DR
18268379,2 LAFAYETTE ST
18268385,130 GODDARD MEMORIAL DR
18268394,59 1/2 BENEFIT ST
18268403,886 MAIN ST
18268405,871 MAIN ST
18268411,169 WASHINGTON ST
18268420,3 BECKET ST
18268450,30-32 WILLIAM ST
18268513,875 MAIN ST
18268523,2A HERBERT RD
18268536,64 CEDAR ST
18268552,280 MAY ST
18268572,267 PLANTATION ST
18268582,35 WILLIAM ST
18268625,911 MAIN ST
18268629,424 LAKE AVE
18268653,892 MAIN ST
18268659,421 GRAFTON ST
18268662,350 SOUTHBRIDGE ST
18268729,19 CLEMENT ST
18268743,116 VALE ST
18268769,639 FRANKLIN ST
18268807,130A BROOKLINE ST
18268847,133 LAMARTINE ST
18268866,16 BIRCH ST
18268907,100 MLK JR. BLVD
18268961,123 WOODLAND ST
18268962,75A HAMMOND ST
18268971,38 STERLING ST
18268972,442 LAKE AVE
18268986,29 WILLIAM ST
18268998,61 HOWLAND TER
18268999,76 GAGE ST
18269009,75 ORTON ST EXT
18269032,13 QUINSIGAMOND AVE
18269043,0 CANTON ST
18269087,3-5 AVALON PL
18269103,31 CHESTNUT ST
18269134,1 BENEDICT RD
18269167,14-16 STERLING ST
18269261,638 FRANKLIN ST
18269397,43 1/2 EASTERN AVE
18269409,27 CHICOPEE ST
18269454,602 FRANKLIN ST
18269455,83 LONGFELLOW RD
18269539,17 1/2 WARD ST
18269586,177-179 PILGRIM AVE
18269603,4 SOUTH BUFFUM ST
18269653,51 SUNDERLAND RD
18269680,512 SOUTHBRIDGE ST
18269719,4 PARK AVE PL
18269831,44 STERLING ST
18269837,10 INDIANA ST
18269902,290 HARRINGTON WAY
18269909,7 ADA ST
18269983,297 WILDWOOD AVE
18269996,190 BROOKLINE ST
18270000,875A MAIN ST
18270019,79 LONGFELLOW RD
18270051,41 GRANITE ST
18270054,445 LAKE AVE
18270074,118 MASSASOIT RD
18270081,126 CANTERBURY ST
18270128,120 GRAND ST
18270180,192 BROOKLINE ST
18270204,11 EVERTON AVE
18270215,59 LAKEWOOD ST
18270242,200 SHREWSBURY ST
18270267,96 GATES ST
18270297,8 ARCADIA ST
18270307,68-70 LONGFELLOW RD
18270320,20 MAJOR TAYLOR BLVD
18270324,111 ELM ST
18270348,142 ELM ST
18270355,77 ELM ST
18270356,1 OAK ST
18270425,46 LAFAYETTE ST
18270427,199 FAIRMONT AVE
18270428,28 MARJORIE ST
18270430,26 LAFAYETTE ST
18270432,138 WOODLAND ST
18270458,46 MILL ST
18270536,79 MARANDA ST
18270573,515 SOUTHBRIDGE ST
18270597,436 LAKE AVE
18270673,995 MAIN ST
18270685,94 KENBERMA RD
18270708,139 GRAND ST
18270733,451A LAKE AVE
18270773,1 ILLINOIS CT
18270826,24 REAR JOLMA RD
18270872,129 CANTERBURY ST
18270876,51 LAKEWOOD ST
18270886,453A LAKE AVE
18270905,114 VERNON ST
18270907,574 SOUTHBRIDGE ST
18270922,51 STERLING ST
18271005,48 GRANITE ST
18271015,51 CEDAR ST
18271032,55 ANNA ST
18271039,83 GLENDALE ST
18271041,281 MAIN ST
18271124,17 CLAPP ST
18271156,15 WABAN AVE
18271157,21 UTICA DR
18271188,31 WASHBURN ST
18271192,1094 MAIN ST
18271218,114 1/2 SOUTHGATE ST
18271226,27 WINDHAM ST
18271233,9 1/2 DOUGLAS CT
18271265,6 FREELAND ST
18271281,134 PROVIDENCE ST
18271323,632 CAMBRIDGE ST
18271351,1 PRINCETON ST
18271376,55 ILLINOIS ST
18271389,137 PROVIDENCE ST
18271434,4 NORTH WOODFORD ST
18271439,45 LAKEWOOD ST
18271462,15 BISHOP AVE
18271476,14 CLAPP ST
18271514,115 ELM ST
18271581,20 WABAN AVE
18271604,42 1/2 RICHARDS ST
18271619,147 CANTERBURY ST
18271622,1-1 A HITCHCOCK RD
18271631,199 SUNDERLAND RD
18271637,1082A-1090 MAIN ST
18271657,9 1/2 DOUGLAS ST
18271663,1102 MAIN ST
18271680,17 CAMBRIDGE ST
18271696,5-7 WISTERIA ST
18271715,21 WINDHAM ST
18271722,52 HARLEM ST
18271740,559 CAMBRIDGE ST
18271756,1 EXCHANGE ST
18271799,25B BENSON ST
18271807,20 BAKER ST
18271820,165 GRAND ST
18271840,89 ALLSTON AVE
18271841,66 INDIANA ST
18271857,9 SHORT ST
18271884,121 PERRY AVE
18271930,448 LAKE AVE
18271951,71B TIMROD DR
18271979,43 CATALPA ST
18272058,10 RUTLEDGE ST
18272190,1148 MAIN ST
18272238,9 DALTON ST
18272252,53 HITCHCOCK RD
18272259,16 CAMBRIDGE ST
18272264,117 CAMBRIDGE ST
18272270,30 APRICOT ST
18272280,17A TALLAWANDA DR
18272297,217 CAMBRIDGE ST
18272318,127 CAMBRIDGE ST
18272324,111 APRICOT ST
18272329,6 VIG'S WAY
18272350,7 BETHANY ST
18272375,14 EMERY ST
18272386,468 HARDING ST
18272411,42 SUNDERLAND RD
18272415,8 WASHBURN ST
18272456,63 ILLINOIS ST
18272486,455A LAKE AVE
18272500,2 GRANITE ST
18272534,330 SUNDERLAND RD
18272577,15 GATES RD
18272585,87 GATES LN
18272598,157-159 PERRY AVE
18272642,140 VERNON ST
18272672,28 CARGILL AVE
18272682,26 HAYNES ST
18272718,1016 1/2 MAIN ST
18272734,440 LAKE AVE
18272743,17 CRYSTAL ST
18272758,99 ALLSTON AVE
18272760,10 HOMESTEAD AVE
18272848,40 CATALPA ST
18272866,1 CAMBRIDGE PL
18272876,120 GRANITE ST
18272924,1141 MAIN ST
18272956,1 NIXON AVE
18272979,34 BRIDGEPORT ST
18273005,18 CARGILL AVE
18273047,13 GRAND ST CT
18273134,32 CAMBRIDGE ST
18273170,25-35 TIMROD DR
18273198,3 BETHANY ST
18273209,16 WASHBURN ST
18273217,161-163 CANTERBURY ST
18273239,652 PARK AVE
18273261,120 1/2 SOUTHGATE ST
18273289,55 DERBY ST
18273293,6 SHERIDAN ST
18273341,501 CAMBRIDGE ST
18273398,16 FAIRFAX RD
18273401,154 VERNON ST
18273421,233 CANTERBURY ST
18273423,9 1/2 FAIRBANKS ST
18273445,147 PERRY AVE
18273466,15 WINDHAM ST
18273495,94 SOUTHGATE ST
18273497,5 BISHOP AVE
18273509,8 1/2 WASHBURN ST
18273570,5B SUNTAUG RD
18273575,387 CAMBRIDGE ST
18273588,44A GREENCOURT ST
18273642,143 PROVIDENCE ST
18273649,15-17 CATALPA CIR
18273670,125 VERNON ST
18273717,993 GRAFTON ST
18273728,2A BENSON ST
18273737,67 ILLINOIS ST
18273772,10 WABAN AVE
18273800,660 PARK AVE
18273818,479 CAMBRIDGE ST
18273844,123 ALLSTON AVE
18273845,453 CAMBRIDGE ST
18273864,18 SHERMAN ST
18273867,27 CAMP ST
18273905,500 CAMBRIDGE ST
18273913,7 OCKWAY ST
18273943,12 WABAN AVE
18274012,186 CANTERBURY ST
18274033,10 1/2 WASHBURN ST
18274043,9-11 CATALPA CIR
18274072,50 WEBSTER ST
18274074,139 ALLSTON AVE
18274089,84 GRANITE ST
18274090,1 STOCKTON ST
18274134,523 SOUTHBRIDGE ST
18274186,389 MILLBURY ST
18274233,26AVALLEY VIEW LN
18274295,695 SOUTHBRIDGE ST
18274298,4 MCKEON RD
18274316,136 CAMBRIDGE ST
18274331,142 WILDWOOD AVE
18274354,71-71 AWILDWOOD AVE
18274405,8 VALLEY VIEW LN
18274436,114 STERLING ST
18274459,173 PERRY AVE
18274506,3 SAUGUS PL
18274545,45 MCKEON RD
18274565,6-6 A JACQUES ST
18274617,68-70 STOCKTON ST
18274631,39 WOODFORD ST
18274638,60A VALLEY VIEW LN
18274639,13 PINELAND AVE
18274642,1 UPSALA ST
18274696,151 STERLING ST
18274708,27 1/2 ARBUTUS ST
18274724,12 CHEEVER ST
18274727,11 ARBUTUS ST
18274754,3 ST. JOHN'S RD
18274755,2 AMES ST
18274776,5 ST. JOHN'S RD
18274804,4 EUCLID AVE
18274888,1 1/2 AUTUMN ST
18274932,18 CATALPA CIR
18274953,165 CANTERBURY ST
18274962,20 BALDWIN ST
18275007,0 AUTUMN ST
18275080,3 GREENCOURT ST
18275198,11-17 YOUNG ST
18275288,5 GEDIMINAS ST
18275310,25 1/2 CROMPTON ST
18275312,1326 MAIN ST
18275332,83 FAIRFAX RD
18275352,204 INGLESIDE AVE
18275361,30 ORTON ST
18275387,208-210 INGLESIDE AVE
18275409,5-7 DUNCANNON AVE
18275460,634 SUNDERLAND RD
18275473,44-46 FAIRFAX RD
18275502,20 MERCHANT ST
18275509,85 VALLEY VIEW LN
18275524,41 FIFTH AVE
18275598,3 BRUSSELS ST
18275613,1 ST. JOHN'S RD
18275620,59-59 A WEBSTER ST
18275632,1 WOODWARD ST
18275634,199 PERRY AVE
18275648,47 CAMP ST
18275658,23 EVERGREEN LN
18275715,18 JONES ST
18275738,36 FIFTH AVE
18275748,16 VIEW ST
18275774,444 LAKE AVE
18275782,1199 GRAFTON ST
18275811,144 GRANITE ST
18275815,1260 MAIN ST
18275817,70 DUNKIRK AVE
18275824,1256 MAIN ST
18275837,9 ST. JOHN'S RD
18275865,87 GATES ST
18275867,6 FREELAND ST
18275961,71 ELMER ST
18275963,1A AGAWAM ST
18275993,702 SOUTHBRIDGE ST
18276030,3 VETERANS AVE
18276060,705 SOUTHBRIDGE ST
18276104,6 BILLOW ST
18276118,67 FIFTH AVE
18276132,28 PAKACHOAG ST
18276159,39 FIFTH AVE
18276172,4 BRUSSELS ST
18276242,120L DORCHESTER ST
18276250,49 1/2 ELLSWORTH ST
18276272,26 COUNTY ST
18276290,116 GRAND ST
18276298,21-23 GRANITE ST
18276335,103 FREMONT ST
18276336,10 CROMPTON ST
18276349,4 PINELAND AVE
18276356,15 ST. JOHN'S RD
18276367,9 GIUSTO ST
18276376,19 OAKWOOD LN
18276400,69 SOUTHWEST CUTOFF
18276439,431-433 SUNDERLAND RD
18276446,34 APRICOT ST
18276532,130 COMMONWEALTH AVE
18276543,17 GARLAND ST
18276562,39 ESTHER ST
18276601,6 APRICOT ST
18276604,9 STEPHEN AVE
18276612,1 CARLETON ST
18276630,43 APRICOT ST
18276655,63 CAMP ST
18276713,16 SVEA ST
18276751,6 HENSHAW ST
18276771,211 PROVIDENCE ST
18276784,30 FIFTH AVE
18276832,7 CLEGG ST
18276848,17A FALCON ST
18276849,32 FARMINGTON ST
18276855,6 GIUSTO ST
18276884,229 VERNON ST
18276908,1 LUDLOW ST
18276921,384 SUNDERLAND RD
18276934,7 MILDRED AVE
18276948,32A FARMINGTON ST
18276956,71 FIELDING ST
18276967,6 ATLAS ST
18276990,1 EUREKA ST
18276993,340 SUNDERLAND RD
18277023,80 MCKEON RD
18277029,32 CRANE ST
18277039,23 PARIS AVE
18277044,12 MARJORIE ST
18277121,24 1/2 MAXWELL ST
18277128,7 BURTON ST
18277229,535 LAKE AVE
18277267,3 GIUSTO ST
18277274,35 ST. JOHN'S RD
18277284,8 ATLAS ST
18277322,62 LYMAN ST
18277323,33 POINTE ROK DR
18277370,5 LOWELL ST
18277410,101 STAFFORD ST
18277457,8A LUDLOW ST
18277482,39 BAUER ST
18277488,17 LUDLOW ST
18277508,61 1/2 LYMAN ST
18277515,303 1/2 MASSASOIT RD
18277539,15-17 GREENHALGE ST
18277562,497 SUNDERLAND RD
18277564,400 SUNDERLAND RD
18277568,579 MILLBURY ST
18277589,35 SOUTHWEST CUTOFF
18277642,6 BURTON ST
18277686,50-52 BEAVER ST
18277709,32 PINELAND AVE
18277746,1 RICE LN
18277788,27A PINELAND AVE
18277802,34 BURGHARDT ST
18277847,15 MARS ST
18277848,27 PINELAND AVE
18277886,1A SOMERVILLE RD
18277913,495 SUNDERLAND RD
18277915,7 MARS ST
18277917,1137 GRAFTON ST
18277934,16 HENRIETTA ST
18277949,24A WESTBOROUGH ST
18277976,57 SOUTHWEST CUTOFF
18278033,715 MILLBURY ST
18278057,4 CHELSEA ST
18278064,13 ST. JOHN'S RD
18278090,173 1/2 VERNON ST
18278133,6 BURGHARDT ST
18278141,7 PAUL CLANCY WAY
18278145,4 DUPUIS AVE
18278213,2 WESTDALE ST
18278214,10 GRAMMONT RD
18278274,12 GRAMMONT RD
18278278,18 MARS ST
18278300,27B PINELAND AVE
18278328,29A ALAMEDA RD
18278337,90 BRIGHTWOOD AVE
18278343,1 SOUTHWEST CUTOFF
18278364,480B SUNDERLAND RD
18278377,71 TRENTON ST
18278400,17 ST. JOHN'S RD
18278410,19 ST. JOHN'S RD
18278438,6-8 MERCHANT ST
18278447,90A BRIGHTWOOD AVE
18278460,160 FREMONT ST
18278494,6 PINELAND AVE
18278533,12 ARMANDALE ST
18278578,32 NATHANIEL ST
18278594,14 GRAMMONT RD
18278628,5 GIUSTO ST
18278679,12 LUDLOW ST
18278710,93 GRAND VIEW AVE
18278712,1-3 GREENHALGE ST
18278717,312 MASSASOIT RD
18278788,661 MILLBURY ST
18278794,73 1/2 ESTHER ST
18278806,430 SUNDERLAND RD
18278882,211 GRANITE ST
18278898,262-270 PROVIDENCE ST
18278969,997 MILLBURY ST
18278974,47 SOUTHWEST CUTOFF
18278992,860 SOUTHBRIDGE ST
18279016,149 STAFFORD ST
18279111,50 HEARD ST
18279119,2 BAUER ST WEST
18279133,8 DANVERS ST
18279140,2A BALTIC RD
18279143,1511 MAIN ST
18279155,200 GRANITE ST
18279180,601 MILLBURY ST
18279195,43 PINELAND AVE
18279227,5 GENESEE ST
18279235,30A NATHANIEL ST
18279248,26 DUPUIS AVE
18279350,11 HENRIETTA ST
18279364,5-7 GREENHALGE ST
18279389,1259B GRAFTON ST
18279391,3 BAUER ST WEST
18279398,5 VAUGHN AVE
18279401,45 PINELAND AVE
18279424,19 SOUTHWEST CUTOFF
18279432,1163 GRAFTON ST
18279435,2 MERIDALE RD
18279451,23 EUCLID AVE
18279490,21 PARIS AVE
18279499,111 GRAND VIEW AVE
18279522,23 DUPUIS AVE
18279528,9 HEARD ST
18279539,2 PINE VIEW AVE
18279541,8 CARLETON ST
18279572,2A SUTTON PL
18279649,19A BANGOR ST
18279691,1407A MAIN ST
18279696,267 PROVIDENCE ST
18279703,28 NATHANIEL ST
18279753,155 GRAND ST
18279777,120-124 WARNER AVE
18279784,60 TRAHAN AVE
18279795,19 EMILE ST
18279817,24 1/2 ESTHER ST
18279831,2 VAUGHN AVE
18279897,72 PINELAND AVE
18279899,2 ESTHER ST
18279948,47 GRAMMONT RD
18279956,216 INGLESIDE AVE
18279961,146 MILLBURY ST
18279964,912 MAIN ST
18279973,16 PARIS AVE
18280007,1 BAUER ST WEST
18280065,926 SOUTHBRIDGE ST
18280068,35 GENESEE ST
18280144,7 GIBBS ST
18280146,96 BLITHEWOOD AVE
18280168,902 SOUTHBRIDGE ST
18280176,213 WEATHERSTONE DR
18280214,144 STAFFORD ST
18280308,2B KNOX ST
18280343,28A DAVENPORT ST
18280378,4 GARDNER TER
18280384,22 SIGEL ST
18280393,8 GARDNER TER
18280409,75 TROWBRIDGE CIRCUIT
18280447,166 STAFFORD ST
18280461,6 TROWBRIDGE CIRCUIT
18280469,48 TROWBRIDGE CIRCUIT
18280473,42 TROWBRIDGE CIRCUIT
18280481,66 TROWBRIDGE CIRCUIT
18280502,611 MILLBURY ST
18280515,49 VERNON ST
18280518,26-32 LAKESIDE AVE
18280535,224 INGLESIDE AVE
18280570,41C SUTTON LN
18280582,7 STEPHEN AVE
18280597,12 CARLETON ST
18280603,9 TROWBRIDGE CIRCUIT
18280696,921 MAIN ST
18280731,354 HARDING ST
18280795,15 BOYS & GIRLS CLUB WAY
18280798,14A-14B BOYS & GIRLS CLUB WAY
18280800,350 HARDING ST
18280825,43 SOUTH LUDLOW ST
18280866,143 MALVERN RD
18280882,15 PAPINEAU AVE
18280889,11 PAPINEAU AVE
18280896,61 TROWBRIDGE CIRCUIT
18280898,59 TROWBRIDGE CIRCUIT
18280902,29 TROWBRIDGE CIRCUIT
18280903,16 PAPINEAU AVE
18280904,45 TROWBRIDGE CIRCUIT
18280909,57 WHIPPLE ST
18280916,7A MINERVA ST
18280921,4 VAUGHN AVE
18280960,234 WEBSTER ST
18280961,1030 SOUTHBRIDGE ST
18280973,53 TROWBRIDGE CIRCUIT
18280977,30 GREENWOOD ST
18280998,27 HALMSTAD ST
18281006,192 STAFFORD ST
18281013,11 WATERMAN ST
18281069,3 HAVANA RD
18281074,9 PAPINEAU AVE
18281088,75 WHIPPLE ST
18281110,36 TROWBRIDGE CIRCUIT
18281130,5B HAVANA RD
18281157,20 TROWBRIDGE CIRCUIT
18281225,65 TROWBRIDGE CIRCUIT
18281229,18 PAPINEAU AVE
18281236,25 TROWBRIDGE CIRCUIT
18281240,21 TROWBRIDGE CIRCUIT
18281243,17 TROWBRIDGE CIRCUIT
18281252,6 INVERNESS AVE
18281261,18A-18B BOYS & GIRLS CLUB WAY
18281280,159 MILLBURY ST
18281314,3 STOCKHOLM ST
18281335,17 PAPINEAU AVE
18281350,7 PAPINEAU AVE
18281354,18 CARLETON ST
18281380,74 TROWBRIDGE CIRCUIT
18281412,14 WARWICK ST
18281439,114 EPWORTH ST
18281462,7 STEELE ST
18281463,1048 SOUTHBRIDGE ST
18281475,20 BUDDY RD
18281490,116 EPWORTH ST
18281533,46 GREENWOOD ST
18281552,12 ST. KEVIN RD
18281569,30A DAVENPORT ST
18281574,8 HJELM AVE
18281587,5 TROWBRIDGE CIRCUIT
18281589,56 TROWBRIDGE CIRCUIT
18281599,32 TROWBRIDGE CIRCUIT
18281603,28 TROWBRIDGE CIRCUIT
18281616,20 ST. KEVIN RD
18281622,16 ST. KEVIN RD
18281634,18 TRACY PL
18281705,3 SENECA ST
18281722,15 ST. KEVIN RD
18281726,9 ST. KEVIN RD
18281732,25 ST. KEVIN RD
18281737,21 ST. KEVIN RD
18281738,22 ESKOW RD
18281749,15 CARLSTAD ST
18281767,30 HALMSTAD ST
18281783,192 SVENSON AVE
18281810,11 TROWBRIDGE CIRCUIT
18281813,22-24 EKMAN ST
18281820,33 TROWBRIDGE CIRCUIT
18281829,1065 MILLBURY ST
18281913,10 HULBERT RD
18281951,62 JULIEN AVE
18281992,11 BENHAM ST
18281996,3-5 WOODBINE ST
18282008,6 PAPINEAU AVE
18282029,175 JAMES ST
18282035,194 SVENSON AVE
18282044,78 BLITHEWOOD AVE
18282051,1 BROOME AVE
18282068,104 BLACKSTONE RIVER RD
18282109,22A KOSTA ST
18282111,14 CORNHILL ST
18282114,5 NARRAGANSETT AVE
18282123,333 SOUTHWEST CUTOFF
18282127,65 SOUTH EDLIN ST
18282130,3 SPRAGUE LN
18282142,139 ST. LOUIS ST
18282145,4 UPLAND GARDENS DR
18282170,138 MALVERN RD
18282196,103 UPLAND ST
18282199,55 PARK HILL RD
18282204,21 WALES ST
18282272,26A CARLSTAD ST
18282284,191 SOUTHWEST CUTOFF
18282290,20 ESKOW RD
18282312,2A SOUTH EDLIN ST
18282374,6 CORNHILL ST
18282381,121 WHIPPLE ST
18282406,7 LENORA ST
18282489,154 BLITHEWOOD AVE
18282498,3 PAPINEAU AVE
18282510,15 MOHAWK AVE
18282558,26 BROOME AVE
18282644,4 HAVANA RD
18282677,17 BLITHEWOOD AVE
18282690,100 ST. LOUIS ST
18282693,38 FORSBERG ST
18282736,116R WESTBOROUGH ST
18282754,118-120 BLACKSTONE RIVER RD
18282766,16 VICTORIA AVE
18282778,1 WISER AVE
18282887,26 PINE VIEW AVE
18282891,4A CITY VIEW ST
18282898,156-160 MILLBURY ST
18282917,39 ENDICOTT ST
18282920,175 MILLBURY ST
18282930,745 GRAFTON ST
18282936,2 LAKESIDE AVE
18282939,9 1/2 HANCOCK ST
18282951,4 COWDEN ST
18282969,27B SARAH DR
18282971,69 ST. ANTHONY ST
18282995,74 ST. LOUIS ST
18283019,1103 MILLBURY ST
18283060,262 SOUTHWEST CUTOFF
18283073,129 GREENWOOD ST
18283078,24 NARRAGANSETT AVE
18283107,119 GREENWOOD ST
18283111,87 ST. LOUIS ST
18283116,96-98 ST. LOUIS ST
18283118,1 NARRAGANSETT AVE
18283207,370 GRANITE ST
18283208,30 NARRAGANSETT AVE
18283213,372-374 GRANITE ST
18283220,20 NYLAND ST
18283291,102 ST. LOUIS ST
18283307,7 GENSELL AVE
18283359,540 MASSASOIT RD
18283369,229 SOUTHWEST CUTOFF
18283398,8 ST. ANTHONY ST
18283403,15-17 PEACEDALE AVE
18283422,75 ST. ANTHONY ST
18283423,30D MOUNT AVE
18283427,64 ST. LOUIS ST
18283430,30B SARAH DR
18283439,9ASEARS ISLAND DR
18283440,405 SHREWSBURY ST
18283442,211 LINCOLN ST
18283457,19C SIGOURNEY ST
18283467,10 MECHANIC ST
18283476,330 SOUTHBRIDGE ST
18283477,12 CORRINE ST
18283478,12A CORRINE ST
18283480,11 NANITA ST
18283491,23 WALES ST
18283523,129 KENDIG ST
18283527,30 PINE VIEW AVE
18283529,11 GIBBS ST
18283542,98 BELMONT ST
18283543,320 SHREWSBURY ST
18283544,33 CHILMARK ST
18283545,31B CHILMARK ST
18283551,4 QUINSIGAMOND AVE
18283556,6 CATALPA CIR
18283561,19B KENNEBEC ST
18283564,8 JONATHAN CIR
18283566,21 RICE LN
18283604,1 JONATHAN CIR
18283607,21 RICE LN
18283621,31 STEELE ST
18283633,1073 MAIN ST
18283636,24 LEDGECREST DR
18283648,1127 MAIN ST
18283653,16A HAMPTON ST
18283682,5 1/2 AGATE AVE
18283693,45B MOUNT AVE
18283709,47 SHREWSBURY ST
18283713,21 RICE LN
18283714,22 LEDGECREST DR
18283716,31 ONSET ST
18283722,25 ESKOW RD
18283751,92 BRIGHTWOOD AVE
18283758,18 PEACEDALE AVE
18283762,116B BROOKS ST
18283765,28A BOSTON AVE
18283775,8B GATES RD
18283808,21 RICE LN
18283826,70 ST. ANTHONY ST
18283834,44 ST. ANTHONY ST
18283836,387 GRANITE ST
18283839,38 ST. ANTHONY ST
18283840,21 ARBORETUM DR
18283842,28 ST. ANTHONY ST
18283849,180 GREENWOOD ST
18283856,43 NYLAND ST
18283866,55B TIMROD DR
18283867,55A TIMROD DR
18283871,76BPARSONS HILL DR
18283878,18B HAMPTON ST
18283880,69 FIELDING ST
18283881,100 WEBSTER ST
18283890,15H GIBBS ST
18283909,130 ST. LOUIS ST
18283916,15I GIBBS ST
18283921,33 STEELE ST
18283930,5A AGATE AVE
18283936,6 SAMOSET RD
18283950,115 ST. LOUIS ST
18284002,24B TATMAN ST
18284010,11 HULBERT RD
18284023,39 ST. ANTHONY ST
18284025,65 ST. LOUIS ST
18284039,33K EACH AVE
18284050,86 ST. LOUIS ST
18284069,1/2 KEEN ST
18284085,405 GRANITE ST
18284090,131 ST. LOUIS ST
18284091,54 PARK HILL RD
18284098,51 PARK HILL RD
18284105,45 PARK HILL RD
18284116,1 RAND-WHITNEY WAY
18284156,29A HAVANA RD
18284162,53 ST. LOUIS ST
18284177,4 NYLAND ST
18284182,2RAND-WHITNEY WAY
18284205,12 ST. ANTHONY ST
18284253,2A MALLARD RD
18284254,39 UPLAND ST
18284260,234 GREENWOOD ST
18284266,25-31 UPLAND GARDENS DR
18284289,87 ENDICOTT ST
18284316,11 LEBANON ST
18284344,43 ST. LOUIS ST
18284369,283 SOUTHWEST CUTOFF
18284375,31A BELCOURT RD
18284376,33 WALDO ST
18284437,755 GRAFTON ST
18284439,61 VALE ST
18284475,31A CHILMARK ST
18284484,5 1/2 AGATE AVE
18284489,32 LEDGECREST DR
18284496,2 SAMOSET RD
18284500,19A SIGOURNEY ST
18284504,220 NORFOLK ST
18284510,11 RICE LN
18284524,60B UPLAND ST
18284525,10 JONATHAN CIR
18284530,21 JONATHAN CIR
18284537,34 LEDGECREST DR
18284547,1067 MAIN ST
18284552,78APARSONS HILL DR
18284554,16B HAMPTON ST
18284559,61 FIELDING ST
18284560,49 GRAMMONT RD
18284564,39 GRAMMONT RD
18284592,21 RICE LN
18284596,20A-22 ONSET ST
18284608,11 RICE LN
18284609,11 RICE LN
18284610,20 RICE LN
18284611,21 RICE LN
18284619,14 CORRINE ST
18284651,4-6 JAY ST
18284672,63 ST. LOUIS ST
18284682,77 ST. ANTHONY ST
18284697,374 MASSASOIT RD
18284709,28 BROUGHTON RD
18284711,3 MALLARD RD
18284745,31B BELCOURT RD
18284746,4BPARK VIEW DR
18284747,4APARK VIEW DR
18284762,33A CHILMARK ST
18284764,29A CHILMARK ST
18284765,29B CHILMARK ST
18284791,481 GRANITE ST
18284801,280 GREENWOOD ST
18284802,17 CONWAY ST
18284805,34 SPOFFORD RD
18284806,17 PARK HILL RD
18284827,30 SOUTHOLD RD
18284844,2 BLACKSTONE RIVER RD
18284848,36 GIBBS ST
18284859,124A BROOKS ST
18284866,5B AGATE AVE
18284867,35A CHILMARK ST
18284871,20 RICE LN
18284874,43B MOUNT AVE
18284880,22A BENHAM ST
18284881,69A COMMONWEALTH AVE
18284889,30C MOUNT AVE
18284891,32A ROY ST
18284903,3B FALCON ST
18284909,123 ST. LOUIS ST
18284921,38 GARNET ST
18284924,246 GREENWOOD ST
18284927,40 MARCIUS RD
18284936,23 PARK HILL RD
18284938,1 SPOFFORD RD
18284947,16B GATES RD
18284948,3A PORTER ST
18284950,18A HAMPTON ST
18284956,76 GREEN ST
18284962,16 CATALPA CIR
18284967,60A UPLAND ST
18284971,47 SUNDERLAND RD
18284972,49 SUNDERLAND RD
18284973,8A GATES RD
18284997,4 STEBBINS ST
18285003,24 CATALPA CIR
18285011,11 RICE LN
18285012,11 RICE LN
18285013,20 RICE LN
18285014,21 RICE LN
18285019,28 LEDGECREST DR
18285022,14B CORRINE ST
18285030,23 CIRCUIT AVE EAST
18285038,12 CATALPA CIR
18285042,3A FALCON ST
18285047,42 BLACKTHORNE DR
18285048,40 UPLAND ST
18285068,130 LEDGECREST DR
18285083,18 WILLVAIL ST
18285084,27A EVERARD ST
18285085,29A EVERARD ST
18285088,124-126 CHANDLER ST
18285091,269-273 B LINCOLN ST
18285099,16 CONWAY ST
18285101,1 PARK HILL RD
18285102,479 SOUTHWEST CUTOFF
18285111,19 WATERMAN ST
18285165,11A ADELLE CIRCUIT
18285190,2A ABINGTON ST
18285197,10 BALIS AVE
18285200,5 FALCON ST
18285201,11 BALIS AVE
18285228,4 WARWICK ST
18285230,3B PORTER ST
18285232,20 RICE LN
18285233,20 RICE LN
18285234,20 RICE LN
18285235,20 RICE LN
18285236,20 RICE LN
18285238,190 MILLBURY ST
18285239,204 MILLBURY ST
18285250,651A LINCOLN ST
18285251,106B BROOKS ST
18285252,30B MOUNT AVE
18285255,8A PARIS AVE
18285256,14 TRAVIS ST
18285266,6 MCCLINTOCK AVE
18285267,8 MCCLINTOCK AVE
18285269,19 NIZAM DR
18285290,119 LEDGECREST DR
18285291,121 LEDGECREST DR
18285292,123 LEDGECREST DR
18285293,125 LEDGECREST DR
18285294,127 LEDGECREST DR
18285307,652 MAIN ST
18285309,664 MAIN ST
18285320,1 MINK'S CIR
18285323,47 MARLBORO ST
18285401,12 MCGILL ST
18285410,2A DOUGLAS ST
18285414,32A EVERTON AVE
18285415,32B EVERTON AVE
18285425,45 GRAMMONT RD
18285426,43 GRAMMONT RD
18285435,10C WELDON AVE
18285474,128 LEDGECREST DR
18285476,129 LEDGECREST DR
18285491,27B EVERARD ST
18285492,29B EVERARD ST
18285494,62 IRVING ST
18285497,41 MASON ST
18285508,646 FRANKLIN ST
18285523,111 ST. LOUIS ST
18285528,318 SOUTHWEST CUTOFF
18285555,52 PARK HILL RD
18285575,14 CATALPA CIR
18285577,12 GIUSTO ST
18285578,10 GIUSTO ST
18285588,3 MINK'S CIR
18285591,168A HOUGHTON ST
18285593,135 DANA AVE
18285595,1 HATFIELD ST
18285599,57 RANDALL ST
18285600,9 AMES ST
18285607,24 KATAHDIN ST
18285608,72 SEYMOUR ST
18285611,7 FAY ST
18285618,51 RANDALL ST
18285625,801 PLEASANT ST
18285627,1481 MAIN ST
18285628,1483 MAIN ST
18285629,1477 MAIN ST
18285632,27A ACTON ST
18285635,20A EDGEWORTH ST
18285636,18A EDGEWORTH ST
18285640,1479 MAIN ST
18285641,1473 MAIN ST
18285650,158 EASTERN AVE
18285651,22 HOLLYWOOD ST
18285652,316A HIGHLAND ST
18285655,6A-6B OCKWAY ST
18285660,11 IDALLA RD
18285668,428 LAKE AVE
18285671,21 RURAL ST
18285673,26 CRESTON ST
18285674,24 CRESTON ST
18285680,33 DENMARK ST
18285699,316B HIGHLAND ST
18285713,663B BURNCOAT ST
18285719,14 SHERBURNE AVE
18285720,16 SHERBURNE AVE
18285724,19 BENHAM ST
18285725,17 BENHAM ST
18285726,11 RICE LN
18285727,21 RICE LN
18285728,21 RICE LN
18285790,31 BLACKTHORNE DR
18285792,36 UPLAND ST
18285793,42 UPLAND ST
18285806,1189A MILLBURY ST
18285841,37 MEOLA AVE
18285842,39 MEOLA AVE
18285843,61 PULLMAN ST
18285865,109 ENDICOTT ST
18285876,750 GRAFTON ST
18285887,205 MILLBURY ST
18285898,52 ORIENT ST
18285899,50 ORIENT ST
18285900,48 ORIENT ST
18285905,464 COBURN AVE
18285906,462 COBURN AVE
18285912,2 BLAKE ST
18285913,111 WILDWOOD AVE
18285914,109 WILDWOOD AVE
18285915,107 WILDWOOD AVE
18285916,20 ARROWSIC ST
18285917,18 ARROWSIC ST
18285922,103 GRANITE ST
18285937,150B EASTERN AVE
18285938,168B HOUGHTON ST
18285941,14 WEST CHESTER ST
18285942,2 1/2 HENCHMAN ST
18285947,55 RANDALL ST
18285961,1485 MAIN ST
18285962,1475 MAIN ST
18285969,20B EDGEWORTH ST
18285976,160 EASTERN AVE
18285981,6B QUINCY ST
18286011,94 HOUGHTON ST
18286033,79 BIRCH ST
18286048,663C BURNCOAT ST
18286054,23B BARCLAY ST
18286058,18 SHERBURNE AVE
18286065,22 CRESTON ST
18286067,3A ROBERTSON RD
18286072,40B KINGSBURY ST
18286075,8 NEW BOND ST
18286082,6 BLAKE ST
18286084,103 WILDWOOD AVE
18286085,99 WILDWOOD AVE
18286087,80 ST. LOUIS ST
18286088,47 MEOLA AVE
18286092,2 ARBORETUM DR
18286093,20 JOHNSON ST
18286097,57A PROGRESSIVE ST
18286101,127 DORCHESTER ST
18286122,20-26 ADDISON ST
18286138,119 ENDICOTT ST
18286144,18 HYANNIS PL
18286145,76 FLORENCE ST
18286159,153 DELAWANDA DR
18286164,716 GRAFTON ST
18286169,61 ARLINGTON ST
18286175,40A KINGSBURY ST
18286183,380 COBURN AVE
18286185,4 BLAKE ST
18286187,105 WILDWOOD AVE
18286188,101 WILDWOOD AVE
18286189,82 ST. LOUIS ST
18286190,45 MEOLA AVE
18286220,2 THAYER CT
18286222,1393 GRAFTON ST
18286224,4 ARBORETUM DR
18286225,64 PAINE ST
18286226,32 RODNEY ST
18286233,129 DORCHESTER ST
18286235,196A BEACON ST
18286238,50 BROOKS ST
18286240,34 PERKINS ST
18286244,130 NORFOLK ST
18286245,36B PROVIDENCE ST
18286255,32 PERKINS ST
18286259,126 NORFOLK ST
18286260,128 NORFOLK ST
18286261,36A PROVIDENCE ST
18286263,51 MEOLA AVE
18286271,2 SNOWBELL LN
18286277,11 GOOD HARBOR DR
18286278,9 GOOD HARBOR DR
18286279,196B BEACON ST
18286280,19A BEACON ST
18286281,194B BEACON ST
18286283,45 SOUTHOLD RD
18286284,47 SOUTHOLD RD
18286289,7 POCONO RD
18286290,5 POCONO RD
18286291,16 WEST ST
18286294,10 SOUTH MAXWELL CT
18286335,49 MEOLA AVE
18286354,15 MARCIUS RD
18286362,59 MARCIUS RD
18286363,30 MARCIUS RD
18286392,1 CLEGG ST
18286395,462 PLANTATION ST
18286396,458 PLANTATION ST
18286404,79 SEARS ISLAND DR
18286406,1063 WEST BOYLSTON ST
18286413,16 GILMAN ST
18286422,104 1/2 RODNEY ST
18286424,42 TORY FORT LN
18286426,33 MEOLA AVE
18286427,35 MEOLA AVE
18286428,92 WIGWAM HILL DR
18286429,94 WIGWAM HILL DR
18286430,454 PLANTATION ST
18286431,452 PLANTATION ST
18286432,450 PLANTATION ST
18286433,448 PLANTATION ST
18286434,16C KENNEBEC ST
18286439,27 BELCOURT RD
18286440,29 BELCOURT RD
18286446,30 NEW ST
18286447,28 NEW ST
18286448,26 NEW ST
18286481,3 PARK HILL RD
18286494,5A WIGWAM HILL DR
18286499,35 HOOPER ST
18286500,23 BELCOURT RD
18286501,25 BELCOURT RD
18286503,55 GIBBS ST
18286504,2 STOWELL AVE
18286511,44 1/2 SPOFFORD RD
18286531,1241 MILLBURY ST
18286552,9 CONWAY ST
18286562,1239 MILLBURY ST
18286585,58A SOUTHOLD RD
18286595,1295 MILLBURY ST
18286601,22 RYDBERG TER
18286649,522 SOUTHWEST CUTOFF
18286655,28 WALLINGFORD RD
18286669,36 MELBOURNE ST
18286721,3 PALACE GARDENS RD
18286730,330-332 GREENWOOD ST
18286756,16 MARCIUS RD
18286818,44 PINE VIEW AVE
18286832,119W EBSTER ST
18286845,120 LEDGECREST DR
18286846,122 LEDGECREST DR
18286847,124 LEDGECREST DR
18286848,126 LEDGECREST DR
18286862,12 WILLVAIL ST
18286863,1 OFFICER MANNY FAMILIA WAY
18286869,114 CHANDLER ST
18286874,133A-133B PROVIDENCE ST
18286919,1 ROSE LN
18286967,14 MARION AVE
18286990,390 LAKE AVE
18287004,24 BOYS & GIRLS CLUB WAY
18287006,6 RICE SQ
18287012,5 RICE SQ
18287017,90 ENDICOTT ST
18287030,3 CLEGG ST
18287032,60 ST. LOUIS ST
18287034,11A ANDERSON AVE
18287035,464 PLANTATION ST
18287036,460 PLANTATION ST
18287037,456 PLANTATION ST
18287043,41A SUTTON LN
18287045,398 MASSASOIT RD
18287048,14 KELSEY DR
18287049,18 GILMAN ST
18287050,14 GILMAN ST
18287051,17 ENFIELD ST
18287104,1165 WEST BOYLSTON ST
18287113,5B CORRINE ST
18287120,33 HOOPER ST
18287124,45 GIBBS ST
18287125,49 GIBBS ST
18287126,53 GIBBS ST
18287137,1181-1181 A WEST BOYLSTON ST
18287166,33 MCCLINTOCK AVE
18287167,560 PARK AVE
18287221,218 STAFFORD ST
18287262,15 BALIS AVE
18287278,15 EGAN AVE
18287287,22S HERER TRAIL
18287324,47 GIBBS ST
18287325,51 GIBBS ST
18287367,63B ORONO ST
18287380,17 BRIERWAY DR
18287383,22 BROOME AVE
18287391,217 STAFFORD ST
18287425,28 CLAFFEY AVE
18287430,53A PROSPECT ST
18287435,16 MILTON ST
18287437,3 MAPLEWOOD AVE
18287447,16A BURGHARDT ST
18287457,23A BARCLAY ST
18287464,28 CRESTON ST
18287465,21 CASPAR ST
18287472,521 MASSASOIT RD
18287513,950 SOUTHBRIDGE ST
18287571,37 FOURTH ST
18287576,41A MOUNT AVE
18287579,29A STANDISH ST
18287582,354 FRANKLIN ST
18287584,41-45 PLEASANT ST
18287588,1 TYSON RD
18287608,1C ROSE LN
18287634,108B BROOKS ST
18287636,41B MOUNT AVE
18287640,145 PLEASANT ST
18287646,27 HOLLYWOOD ST
18287656,13 1/2 HANCOCK ST
18287658,22 CANTERBURY ST
18287666,23 MAYWOOD ST
18287675,128 PURITAN AVE
18287682,3 MAYWOOD PL
18287691,394 LAKE AVE
18287698,45 1/2 ACTON ST
18287705,97 WILDWOOD AVE
18287706,22 JOPPA RD
18287709,1A WILLOW ST
18287713,1 ARLINE ST
18287715,33B GATES RD
18287716,2A BALL ST
18287743,104 UPLAND ST
18287744,102 UPLAND ST
18287748,1 GOOD HARBOR DR
18287752,45 RANDALL ST
18287754,47 RANDALL ST
18287759,205B WILDWOOD AVE
18287762,8 BOLTON ST
18287780,4 LORION AVE
18287825,124 NORFOLK ST
18287826,41 MEOLA AVE
18287827,43 MEOLA AVE
18287834,142 ORIENT ST
18287846,468 PLANTATION ST
18287847,470 PLANTATION ST
18287848,466 PLANTATION ST
18287866,320 MAIN ST
18287867,338 MAIN ST
18287879,2 CATALPA CIR
18287886,26A BLAINE AVE
18287888,26B BLAINE AVE
18287889,362 BRIDLE PATH
18287892,254 FRANKLIN ST
18287896,2B KINGSBURY ST
18287897,2C KINGSBURY ST
18287915,33A GATES RD
18287920,151 CANTERBURY ST
18287932,55A WARNER AVE
18287933,526 MAIN ST
18287935,85 GREEN ST
18287937,184 MADISON ST
18287954,1200 WEST BOYLSTON ST
18287977,5A SWAN AVE
18288014,5 MOUNT VERNON ST
18288019,76APARSONS HILL DR
18288031,679A BURNCOAT ST
18288057,65 GREEN ST
18288059,2 PLYMOUTH ST
18288063,153 GREEN ST
18288065,108A BROOKS ST
18288074,110B BROOKS ST
18288075,112B BROOKS ST
18288077,9A REVERE ST
18288089,55C WARNER AVE
18288092,7B REVERE ST
18288093,7D REVERE ST
18288096,9C REVERE ST
18288098,55B WARNER AVE
18288100,34BPARSONS HILL DR
18288102,10B WELLS ST
18288122,232 STAFFORD ST
18288128,46 GIBBS ST
18288176,29 RYDBERG TER
18288179,325A GREENWOOD ST
18288191,42 MELBOURNE ST
18288203,20 NIPPNAPP TRAIL
18288239,44 LEDGECREST DR
18288246,9B REVERE ST
18288247,9D REVERE ST
18288248,7C REVERE ST
18288249,74 GREEN ST
18288253,133B COMMONWEALTH AVE
18288256,189A WILDWOOD AVE
18288267,30B ROY ST
18288268,30A ROY ST
18288281,1B FRIEDEL ST
18288291,1451 GRAFTON ST
18288305,10A WELLS ST
18288331,6 ROSE LN
18288355,120R ENDICOTT ST
18288371,381 MAIN ST
18288372,11 FOSTER ST
18288373,4 FRONT ST
18288374,403 MAIN ST
18288377,1 IRVING ST
18288386,25 JONATHAN CIR
18288395,4 HARRIS CT
18288398,116 WATER ST
18288400,69B COMMONWEALTH AVE
18288405,3 LAURELBROOK DR
18288406,1 LAURELBROOK DR
18288418,63A TRAHAN AVE
18288419,61B TRAHAN AVE
18288422,113 WARNER AVE
18288443,15F GIBBS ST
18288444,15G GIBBS ST
18288458,651B LINCOLN ST
18288463,133A COMMONWEALTH AVE
18288467,29 ALBANY ST
18288469,317 MAIN ST
18288473,85 PLEASANT ST
18288474,414 MAIN ST
18288475,407 MAIN ST
18288480,20 FRANKLIN ST
18288481,28 FRANKLIN ST
18288504,3-5 OLIVER ST
18288519,134 SOUTHBRIDGE ST
18288522,757 MAIN ST
18288525,6 UNION PL
18288534,7 LAURELBROOK DR
18288566,64A-64BWILBUR ST
18288569,114B BROOKS ST
18288570,45A MOUNT AVE
18288571,43A MOUNT AVE
18288597,63B TRAHAN AVE
18288612,20 RICE LN
18288613,8B HILLSIDE ST
18288625,2B DOUGLAS ST
18288629,35 GIBBS ST
18288667,28 ORONO ST
18288677,120B BROOKS ST
18288690,26 PENOBSCOT ST
18288711,34B WILBUR ST
18288757,6 DAVENPORT ST
18288804,1035 MILLBURY ST
18288816,41 GIBBS ST
18288850,39 DUNBAR ST
18288902,54 PENN AVE
18288912,649A LINCOLN ST
18288918,1B WILLOW ST
18288924,50 GIBBS ST
18288933,3 OTTO AVE
18288997,2 OTTO AVE
18289027,48 BLACKSTONE RIVER RD
18289036,3 ARLINE ST
18289055,8B EUSTIS ST
18289068,7C LUDLOW ST
18289071,10 JERSEY DR
18289075,23 CIRCUIT AVE EAST
18289081,27 FOURTH ST
18289088,60 GREEN ST
18289090,932 MAIN ST
18289109,2A ELECTRIC ST
18289122,5B SWAN AVE
18289124,7 BOLTON ST
18289130,5 ARLINE ST
18289135,7 ARLINE ST
18289144,89 GREEN ST
18289150,19 CUMBERLAND ST
18289172,5 1/2 FALMOUTH ST
18289181,189B WILDWOOD AVE
18289182,34APARSONS HILL DR
18289203,106A BROOKS ST
18289205,47APARSONS HILL DR
18289221,49 BUTLER ST
18289234,6 LOCHWAN AVE
18289246,46 LEBANON ST
18289257,36 STEBBINS ST
18289272,167-169 SHREWSBURY ST
18289273,163 SHREWSBURY ST
18289276,9 PLEASANT ST
18289278,474 MAIN ST
18289286,22B BENHAM ST
18289288,15 SALEM ST
18289289,44 PORTLAND ST
18289291,4 RALPH AVE
18289292,2 RALPH AVE
18289294,15 JONATHAN CIR
18289301,28B BOSTON AVE
18289305,159 WATER ST
18289310,344 HARDING ST
18289311,14A JOSEPH ST
18289317,54A TIMROD DR
18289318,54B TIMROD DR
18289319,59 TRAHAN AVE
18289348,19A KENNEBEC ST
18289360,116A BROOKS ST
18289362,126A BROOKS ST
18289363,126B BROOKS ST
18289387,21 BLACKSTONE RIVER RD
18289435,7 THENIUS ST
18289459,1457 GRAFTON ST
18289488,17A EPWORTH ST
18289526,30A MOUNT AVE
18289527,110A BROOKS ST
18289528,12 JERSEY DR
18289544,6 WINTER ST
18289547,7E REVERE ST
18289549,67A COMMONWEALTH AVE
18289554,4 SVENSON AVE
18289590,162 WEBSTER ST
18289598,10 DAVENPORT ST
18289610,20A HOPE AVE
18289660,9 ARLINE ST
18289714,221 WEBSTER ST
18289780,167 HOPE AVE
18289798,220A WEBSTER ST
18289813,9 STEBBINS ST
18289827,382S OUTHBRIDGE ST
18289832,38B PARSONS HILL DR
18289858,29 ALBANY ST
18289860,10 SVENSON AVE
18289882,544-556 MAIN ST
18289896,145 CHANDLER ST
18289901,9 JONATHAN CIR
18289906,166 HARDING ST
18289907,755 MAIN ST
18289909,184 GRAFTON ST
18289910,2 UNION PL
18289911,4 UNION PL
18289920,5 LAURELBROOK DR
18289924,61A TRAHAN AVE
18289929,59A TRAHAN AVE
18289934,4 SUFFIELD ST
18289938,68 VERNON ST
18289952,649B LINCOLN ST
18289953,20B DERBY ST
18289957,1A TYSON RD
18289972,120A BROOKS ST
18289973,114A BROOKS ST
18290023,31 BALIS AVE
18290031,21 OTTO AVE
18290087,21A ELECTRIC ST
18290097,141 SOUTHWEST CUTOFF
18290109,9 LINDA VISTA ST
18290165,1000 SOUTHBRIDGE ST
18290168,1448 GRAFTON ST
18290229,4G REENWOOD ST
18290243,5 MYRICK AVE
18290249,20 MYRICK AVE
18290250,22 MYRICK AVE
18290251,3 CARRIAGE HOUSE LN
18290252,15 CARRIAGE HOUSE LN
18290261,150A EASTERN AVE
18290263,6A QUINCY ST
18290271,85 MOUNTAIN ST EAST
18290272,83 MOUNTAIN ST EAST
18290275,89 MOUNTAIN ST EAST
18290276,87 MOUNTAIN ST EAST
18290298,11B BOYS & GIRLS CLUB WAY
18290299,11A BOYS & GIRLS CLUB WAY
18290304,57 ARMORY ST
18290306,93B GLEZEN ST
18290307,93A GLEZEN ST
18290310,9 LUDLOW ST
18290313,21A JOHNSON ST
18290314,21C JOHNSON ST
18290315,21B JOHNSON ST
18290317,1112BWEST BOYLSTON ST
18290318,658 FRANKLIN ST
18290336,151 OLEAN ST
18290338,7 FORKEY AVE
18290340,17 GILMAN ST
18290349,23 WAVERLY ST
18290350,25 WAVERLY ST
18290351,35 SOUTHOLD RD
18290359,149 OLEAN ST
18290363,153 OLEAN ST
18290365,16 SCANDINAVIA AVE
18290370,2B OCKWAY ST
18290373,2A OCKWAY ST
18290374,4B OCKWAY ST
18290377,4A OCKWAY ST
18290378,7 POCASSET ST
18290379,5 POCASSET ST
18290380,540 SOUTHBRIDGE ST
18290382,542S OUTHBRIDGE ST
18290383,400 PARK AVE
18290384,13A-13B BOYS & GIRLS CLUB WAY
18290386,10 SUNNYVIEW HTS
18290387,12 WHISPER DR
18290391,4 RODI CIR
18290392,6 RODI CIR
18290397,885 WEST BOYLSTON ST
18290417,3 POCASSET ST
18290421,2 CARRIAGE HOUSE LN
18290422,4 CARRIAGE HOUSE LN
18290424,7 CARRIAGE HOUSE LN
18290427,3 RODI CIR
18290439,24A OUTLOOK DR
18290440,24B OUTLOOK DR
18290450,30 LANESBORO RD
18290451,48 BELLVISTA RD
18290457,122B PAINE ST
18290458,122A PAINE ST
18290462,81 MASSASOIT RD
18290463,83 MASSASOIT RD
18290477,7 GOOD HARBOR DR
18290481,4 GOOD HARBOR DR
18290482,4 JERSEY DR
18290483,2 JERSEY DR
18290489,16 ARROWSIC ST
18290493,14 ARROWSIC ST
18290509,57 APTHORP ST
18290510,55 APTHORP ST
18290511,59 APTHORP ST
18290513,8 HARTWELL ST
18290514,4 HARTWELL ST
18290515,2 HARTWELL ST
18290516,6 HARTWELL ST
18290530,32 LANESBORO RD
18290532,12 MARANOOK RD
18290539,16 REYNOLDS ST
18290577,2B WOODS AVE
18290586,149 QUINAPOXET LN
18290587,151 QUINAPOXET LN
18290607,8-12 BRIARWOOD TER
18290615,4A-4C WOBURN ST
18290617,532 WEST BOYLSTON ST
18290639,6 MONMOUTH AVE
18290653,2 BJORKLUND AVE
18290673,51 CARPENTER AVE
18290678,12 STOWELL AVE
18290682,20 CHRISTINE ST
18290683,22 CHRISTINE ST
18290687,694 SALISBURY ST
18290688,692 SALISBURY ST
18290700,25 VIELE AVE
18290701,23 VIELE AVE
18290711,33A CHINO AVE
18290714,20 BULLARD AVE
18290731,23 LYNNWOOD LN
18290747,548 LINCOLN ST
18290759,12 KNIGHT ST
18290760,14 KNIGHT ST
18290782,94 TORY FORT LN
18290802,11 SEARS ISLAND DR
18290819,89 MASSASOIT RD
18290823,119 FARRAR AVE
18290827,8-10 GIFFORD DR
18290843,531 SALISBURY ST
18290844,521 SALISBURY ST
18290859,343A-B LAKE AVE NORTH
18290867,66 MILLBROOK ST
18290877,166 MORELAND ST
18290901,472 PLANTATION ST
18290902,478 PLANTATION ST
18290903,480 PLANTATION ST
18290904,482 PLANTATION ST
18290905,476 PLANTATION ST
18290906,474 PLANTATION ST
18290912,30B MILTON ST
18290921,32C MILTON ST
18290923,30C MILTON ST
18290927,16A SIGOURNEY ST
18290928,3 EDGEWORTH ST
18290930,5 EDGEWORTH ST
18290945,38 TORY FORT LN
18290960,444 PLANTATION ST
18290961,446 PLANTATION ST
18290971,43 NORTH ST
18290973,47C NORTH ST
18290975,41 NORTH ST
18290976,45 NORTH ST
18290977,47A NORTH ST
18290978,47B NORTH ST
18290979,47D NORTH ST
18290995,275 MOWER ST
18290996,9 JEREMIAH'S LN
18290997,11 JEREMIAH'S LN
18290998,10 JEREMIAH'S LN
18291004,4 WILDROSE AVE
18291015,39 RUSTIC DR
18291018,64 HIGH RIDGE RD
18291029,4B DOMINION RD
18291048,917 PLEASANT ST
18291049,92 BEECHING ST
18291065,141G ROVE ST
18291082,14 BURGHARDT ST
18291106,796P LEASANT ST
18291131,20A HOME ST
18291132,20B HOME ST
18291133,26 WACHUSETT ST
18291141,505M ILL ST
18291155,87 MERRIFIELD ST
18291161,465 SHREWSBURY ST
18291162,301 PLANTATION ST
18291170,2A POCONO RD
18291171,2B POCONO RD
18291174,5ST. MARK'S RD
18291175,3ST. MARK'S RD
18291176,36 MOUNT AVE
18291177,500 LINCOLN ST
18291186,170 SOUTH FLAGG ST
18291195,20 WILLIAM ST
18291197,82 EASTERN AVE
18291198,80 EASTERN AVE
18291199,78 EASTERN AVE
18291205,6P EABODY ST
18291207,31 NORTHBORO ST
18291208,35 NORTHBORO ST
18291209,17 CHRISTINE DR
18291210,9 CHRISTINE DR
18291211,13 CHRISTINE DR
18291212,5 CHRISTINE DR
18291213,1 CHRISTINE DR
18291216,33 NORTHBORO ST
18291217,37 NORTHBORO ST
18291219,25 CHRISTINE DR
18291220,23 CHRISTINE DR
18291221,27 CHRISTINE DR
18291222,21 CHRISTINE DR
18291223,19 CHRISTINE DR
18291224,15 CHRISTINE DR
18291231,11 CHRISTINE DR
18291232,7 CHRISTINE DR
18291233,3 CHRISTINE DR
18291244,181L AKE AVE
18291246,17 ESPER AVE
18291262,227 MAY ST
18291265,386 LOVELL ST
18291282,165A-165BORIENT ST
18291289,7 ARROW ST
18291290,11 ARROW ST
18291301,2 WEETAMOE ST
18291305,5 MANN ST
18291308,42 JAQUES AVE
18291317,419H AMILTON ST
18291321,53 CIRCUIT AVE NORTH
18291327,22A BANCROFT ST
18291332,22C BANCROFT ST
18291333,22B BANCROFT ST
18291336,233 SOUTHBRIDGE ST
18291341,60B SUFFOLK ST
18291351,271 GREENWOOD ST
18291352,190 SWAN AVE
18291365,33 FIRST ST
18291370,83 CIRCUIT AVE WEST
18291371,81 CIRCUIT AVE WEST
18291372,79 CIRCUIT AVE WEST
18291374,63 CIRCUIT AVE WEST
18291376,57 CIRCUIT AVE NORTH
18291378,28 ROY ST
18291392,147 WATER ST
18291393,19B JEFFERSON ST
18291397,19A JEFFERSON ST
18291401,17B BARCLAY ST
18291405,44 AETNA ST
18291406,58 HOUGHTON ST
18291413,115 PILGRIM AVE
18291417,71 DANA AVE
18291418,69 DANA AVE
18291419,73 DANA AVE
18291424,85 MASSASOIT RD
18291425,87 MASSASOIT RD
18291426,77 MASSASOIT RD
18291427,79 MASSASOIT RD
18291432,76B COMMONWEALTH AVE
18291448,43 JENNINGS ST
18291452,21 PROGRESSIVE ST
18291476,93 HOUGHTON ST
18291478,147 HEYWOOD ST
18291489,33B SIGEL ST
18291491,35B SIGEL ST
18291492,35A SIGEL ST
18291493,33A SIGEL ST
18291494,11 WYMAN ST
18291499,11 GARDNER ST
18291510,9 PARIS AVE
18291523,38 MOUNT AVE
18291529,21 SIMONE ST
18291566,3 BUFFUM ST
18291567,15 SOUTH BUFFUM ST
18291578,35 STERLING ST
18291579,33 STERLING ST
18291586,8 BEAUMONT RD
18291599,16A CORRINE ST
18291601,82 VALMOR ST
18291602,84 VALMOR ST
18291610,428A LAKE AVE
18291612,454 LAKE AVE
18291619,158A-158B APRICOT ST
18291643,85A SOUTHGATE ST
18291653,1438 GRAFTON ST
18291679,17 WISTERIA ST
18291691,464 LAKE AVE
18291693,1488 MAIN ST
18291694,28 APRICOT ST
18291711,11 JACQUES ST
18291730,17A LOUISE ST
18291731,17B LOUISE ST
18291763,305 BELMONT ST
18291764,2 MERCANTILE ST
18291773,55 LAKE AVE NORTH
18291787,8 WILLVAIL ST
18291791,117 STAFFORD ST
18291792,117S TAFFORD ST
18291800,687 MILLBURY ST
18291817,3 ECHO ST
18291819,6 KELSEY DR
18291820,4 KELSEY DR
18291822,12 KELSEY DR
18291823,10 KELSEY DR
18291824,8 KELSEY DR
18291840,22 BOYDEN ST
18291849,14 KELSEY DR
18291850,354 MASSASOIT RD
18291852,30 SANDRA DR
18291853,28 SANDRA DR
18291857,2 MARISSA CIR
18291858,1 MARISSA CIR
18291861,27 BALIS AVE
18291862,33 BALIS AVE
18291869,10 BEVERLY COVE
18291870,11 BEVERLY COVE
18291871,3 BEVERLY COVE
18291872,4 BEVERLY COVE
18291873,2 BEVERLY COVE
18291874,6 BEVERLY COVE
18291875,8 BEVERLY COVE
18291876,12 BEVERLY COVE
18291877,5 BEVERLY COVE
18291878,7 BEVERLY COVE
18291879,9 BEVERLY COVE
18291880,13 BEVERLY COVE
18291881,4 MARISSA CIR
18291882,6 MARISSA CIR
18291883,8 MARISSA CIR
18291884,9 MARISSA CIR
18291885,7 MARISSA CIR
18291886,5 MARISSA CIR
18291887,3 MARISSA CIR
18291889,10 MARISSA CIR
18291925,26 EL CANEY RD
18291926,24 EL CANEY RD
18291927,20 EL CANEY RD
18291928,22 EL CANEY RD
18291958,5 SENECA ST
18291959,7 SENECA ST
18291962,13 EPWORTH ST
18291970,33 WHIPPLE ST
18291972,31 WHIPPLE ST
18291978,6A SVENSON AVE
18291984,177 SOUTHWEST CUTOFF
18291987,16 HAVANA RD
18291995,66 ST. LOUIS ST
18292000,100 UPLAND ST
18292001,96 UPLAND ST
18292002,92 UPLAND ST
18292003,45 STEELE ST
18292013,110 ST. LOUIS ST
18292018,40 NYLAND ST
18292046,2A MONTELLO ST
18292087,91 MALDEN ST
18292094,251 PLANTATION ST
18292121,397B MILL ST
18292122,397A MILL ST
18292137,7A RUDOLPH ST
18292138,7B RUDOLPH ST
18292140,161 BROOKLINE ST
18292145,48 CHRISTINE ST
18292146,46 CHRISTINE ST
18292154,20 JOHNSON ST
18292155,20 JOHNSON ST
18292156,20 JOHNSON ST
18292157,20 JOHNSON ST
18292158,20 JOHNSON ST
18292161,172 BROOKLINE ST
18292164,729 BURNCOAT ST
18292176,3R OBIN RD
18292178,6 HILLCROFT AVE
18292193,14 WHISPER DR
18292201,10 EGAN AVE
18292202,7A-7B SIMONE ST
18292203,7ST. MARK'S RD
18292210,174P LANTATION ST
18292211,660-662 FRANKLIN ST
18292213,20 TAINTER ST
18292219,22 BOYS & GIRLS CLUB WAY
18292220,2A-2B GARDNER TER
18292224,20 DEEPDALE RD
18292232,50-52 QUEEN ST
18292238,33B QUEEN ST
18292244,21B QUEEN ST
18292245,19A QUEEN ST
18292246,19B QUEEN ST
18292247,21A QUEEN ST
18292254,150 HARRINGTON WAY
18292259,75 GROVE ST
18292260,10 LINCOLN ST
18292263,3B TYSON TER
18292265,8 CARRIAGE HOUSE LN
18292267,16 FALES ST
18292268,31B ACTON ST
18292269,31A ACTON ST
18292274,3 CASCADE RD
18292276,42B CHESTER ST
18292281,255 PLANTATION ST
18292332,58B APTHORP ST
18292333,58A APTHORP ST
18292340,80 MAYFIELD ST
18292348,23 unit 5-8 BOTANY BAY RD
18292363,146 MORELAND ST
18292366,133A-133B PLANTATION ST
18292368,54 BRATTLE ST
18292369,22 WOODCLIFFE AVE
18292371,21 ANGELO ST
18292373,16 CADORNA RD
18292383,16 WHISPER DR
18292384,34 LANESBORO RD
18292387,26 RENA ST
18292390,3A ARDMORE RD
18292394,36 LANESBORO RD
18292395,5 ANGELO ST
18292396,44C ARPENTER AVE
18292398,52 BRATTLE ST
18292400,67G ARRISON AVE
18292402,733 FRANKLIN ST
18292404,1TOBIAS BOLAND WAY
18292405,11TOBIAS BOLAND WAY
18292406,385 PLANTATION ST
18292416,893G RAFTON ST
18292422,210 PERRY AVE
18292424,5 TACONIC RD
18292426,8 GREENHALGE ST
18292429,280B WILDWOOD AVE
18292431,61 SWAN AVE
18292439,155 OLEAN ST
18292441,2 LEBANON ST
18292447,29 BALTIC RD
18292448,6L EBANON ST
18292450,11 POCASSET ST
18292529,269 BROOKS ST
18292532,135 COMMONWEALTH AVE
18292534,50 ADAMS ST
18292535,3 SOPHIA DR
18292541,299 LINCOLN ST
18292544,32B PINE HILL RD
18292552,525 MASSASOIT RD
18292556,9 POCASSET ST
18292557,60B APTHORP ST
18292558,60A APTHORP ST
18292565,48 WILKINSON ST
18292567,2 CARVER ST
18292576,1088A-1088C WEST BOYLSTON ST
18292577,4 GREENHALGE ST
18292592,11 CARRIAGE HOUSE LN
18292593,651C PLANTATION ST
18292594,651A PLANTATION ST
18292598,27 BUCKLEY RD
18292599,29 BUCKLEY RD
18292606,42 CARPENTER AVE
18292607,49 BULLARD AVE
18292627,60A SUFFOLK ST
18292628,32 FIELDING ST
18292632,37B OSTON AVE
18292639,8 GAYLORD ST
18292647,16 PARK TERRACE RD
18292648,9 KENBERMA RD
18292651,1 SOHEILI CIR
18292655,23A ELECTRIC ST
18292656,1M ALDEN TER
18292664,6 GAYLORD ST
18292674,137C COMMONWEALTH AVE
18292675,137D COMMONWEALTH AVE
18292678,17A JENNINGS ST
18292679,17B JENNINGS ST
18292682,19A JENNINGS ST
18292690,84 BOWKER ST
18292703,53 BULLARD AVE
18292704,46A DOMINION RD
18292706,46B DOMINION RD
18292714,22B SHERER TRAIL
18292717,651B PLANTATION ST
18292718,90 UPLAND ST
18292719,94 UPLAND ST
18292720,98 UPLAND ST
18292721,212 SUMMER ST
18292729,1 RODI CIR
18292734,15A PARK VILLA AVE
18292737,19 LADYBANK RD
18292742,22 ANNISQUAM ST
18292744,64-66 DUSTIN ST
18292745,236 JUNE ST
18292748,25 SOUTHGATE ST
18292750,27 FROTHINGHAM RD
18292754,30 WILLARD AVE
18292756,33 EVELYN ST
18292758,267 HARRINGTON WAY
18292759,40 YUKON AVE
18292763,3B CORRINE ST
18292766,69 CHINO AVE
18292768,72 BOYD ST
18292770,6 MOUNT AVE
18292772,86 BOWKER ST
18292775,89B MOUNTAIN ST EAST
18292776,31 EVELYN ST
18292785,11 GREENCOURT ST
18292788,15 MORELAND ST
18292789,517 PARK AVE
18292791,27W RENTHAM RD
18292792,146-152 BLACKSTONE RIVER RD
18292793,1 AURORA ST
18292794,2 MOUNT AVE
18292796,3 AURORA ST
18292798,10 HAZEL ST
18292801,16 COBURN AVE
18292804,8 HAZEL ST
18292806,12 CRILLON RD
18292814,18 BULLARD AVE
18292816,17 WHEELER AVE
18292817,177 LUDLOW ST
18292819,30 BULLARD AVE
18292826,13A PRENTICE ST
18292830,145 OLEAN ST
18292832,160A HOUGHTON ST
18292838,435 SHREWSBURY ST
18292840,64 TORY FORT LN
18292855,137B COMMONWEALTH AVE
18292856,137A COMMONWEALTH AVE
18292865,73 TOWNSEND ST
18292872,5 SOUTH MAXWELL CT
18292876,3A MAXWELL ST
18292878,20 WHISPER DR
18292885,89A MOUNTAIN ST EAST
18292886,29 EVELYN ST
18292894,31A-31C CAROLINE ST
18292899,49A PINE HILL RD
18292905,2 CARTER WAY
18292907,2 FARM ST
18292909,4 FARM ST
18292916,10 ROCKWELL ST
18292917,11 WOODCLIFFE AVE
18292921,16 CASTINE ST
18292931,16A KENNEBEC ST
18292932,16B KENNEBEC ST
18292933,17 BOXFORD ST
18292942,23 ARBUTUS RD
18292943,22 VALLEY HILL DR
18292944,21 COLONIAL RD
18292952,33 NATURAL HISTORY DR
18292954,31 BENSON AVE
18292957,34C ARPENTER AVE
18292958,217 LAKE AVE
18292971,939 MAIN ST
18292974,49 WYOLA DR
18292983,304 PARK AVE
18292989,9 MYRNA RD
18292991,12 BALMORAL ST
18292998,14 CRILLON RD
18292999,185 OLEAN ST
18293001,667 PLEASANT ST
18293007,17 HASKINS ST
18293011,672 BURNCOAT ST
18293014,48 STANDISH ST
18293017,13 PAPER BIRCH PATH
18293063,49B PINE HILL RD
18293064,5 AURORA ST
18293075,12 QUISSETT ST
18293079,21 SALISBURY ST
18293085,84 KING PHILIP RD
18293089,80 GOLD STAR BLVD
18293102,19 BRIARCLIFF ST
18293108,265A GRAFTON ST
18293111,1C ANTERBURY ST
18293113,151S ALISBURY ST
18293121,65 PULLMAN ST
18293141,7 SOUTH MAXWELL CT
18293143,11 SOUTH MAXWELL CT
18293148,2B URNCOAT HTS
18293149,4 BURNCOAT HTS
18293151,6 MOHICAN RD
18293153,5A HAVANA RD
18293160,3B MAXWELL ST
18293161,3C MAXWELL ST
18293163,3 SMITH LN
18293164,36 TORONITA AVE
18293165,280A WILDWOOD AVE
18293169,15 WHEELER AVE
18293172,6 NUTTALL LN
18293173,4 NUTTALL LN
18293178,231 MOUNTAIN ST WEST
18293184,163 HOLDEN ST
18293186,61-63 APTHORP ST
18293190,31 SHANNON ST
18293191,29 FAIRHAVEN RD
18293193,31 FAIRHAVEN RD
18293199,54 ORIENT ST
18293200,56 ORIENT ST
18293201,58 ORIENT ST
18293202,60 ORIENT ST
18293204,9 RICHARDS ST
18293205,57 GRANVILLE AVE
18293216,15B DOUGLAS ST
18293217,15A DOUGLAS ST
18293218,17 WIGWAM HILL DR
18293220,23 CUTLER ST
18293230,331 GRANITE ST
18293231,120 COMMONWEALTH AVE
18293234,15 WIGWAM HILL DR
18293235,396B LAKE AVE
18293237,1259A GRAFTON ST
18293238,10B PARIS AVE
18293239,396A LAKE AVE
18293242,150 GREEN ST
18293244,65B RIARWOOD CIR
18293250,78 TORONITA AVE
18293253,110 HEYWOOD ST
18293254,7 WHISPER DR
18293255,11 WHISPER DR
18293266,13 RIDGE ST
18293267,15 RIDGE ST
18293268,11 RIDGE ST
18293269,18 BURNCOAT HTS
18293270,20 BURNCOAT HTS
18293272,13 BURNCOAT HTS
18293273,15 BURNCOAT HTS
18293274,17 BURNCOAT HTS
18293275,19 BURNCOAT HTS
18293277,1089B MILLBURY ST
18293279,129 DERBY ST
18293294,9 WHISPER DR
18293297,12 LADYBANK RD
18293301,5 ANDY RD
18293309,90 KING PHILIP RD
18293310,37C ORAL ST
18293312,98A-B HARRISON ST
18293360,10 WHISPER DR
18293361,43 MONTAGUE ST
18293362,219 LAKE AVE
18293364,221 LAKE AVE
18293369,336 BROOKS ST
18293370,110 APRICOT ST
18293372,7 HOUSATONIC ST
18293378,36 CUTLER ST
18293383,1089A MILLBURY ST
18293385,499 PLANTATION PKWY
18293389,34C LIVEDEN ST
18293391,174 GATES LN
18293392,176 GATES LN
18293394,11 DEVENS RD
18293395,1 GREEN ISLAND BLVD
18293396,15 BALMORAL ST
18293398,178 BROOKLINE ST
18293403,93 GRAND ST
18293405,3H ARTFORD RD
18293407,158B BEACON ST
18293410,23 ORMOND ST
18293416,22 VIVIAN ST
18293418,13 BURGESS RD
18293422,301 SWAN AVE
18293426,403 BELMONT ST
18293427,113 SACHEM AVE
18293431,34 CHRISTINE ST
18293433,3 DIGREGORIO DR
18293438,92D GRAND ST
18293441,1 LEDGEWOOD LN
18293448,3 NAPLES RD
18293450,41 MODOC ST
18293451,39 MODOC ST
18293454,77 VALMOR ST
18293455,81A VALMOR ST
18293456,81B VALMOR ST
18293460,115 DELMONT AVE
18293461,46 WHITE AVE
18293464,10 DEMARCO TER
18293465,12 BELISLE AVE
18293469,329 GRANITE ST
18293471,337 GRANITE ST
18293472,333 GRANITE ST
18293475,79 ST. LOUIS ST
18293477,31 SCENIC DR
18293479,2 WAVERLY ST
18293480,4 WAVERLY ST
18293489,668A BURNCOAT ST
18293490,668B BURNCOAT ST
18293491,461 SOUTHWEST CUTOFF
18293497,27 DREXEL ST
18293498,13 SNOWBERRY CIR
18293499,15 SNOWBERRY CIR
18293502,28B STANDISH ST
18293508,39 TROWBRIDGE CIRCUIT
18293510,37 TROWBRIDGE CIRCUIT
18293512,9 KIARA DR
18293513,11 KIARA DR
18293516,15 KIARA DR
18293517,13 KIARA DR
18293520,1 SNOWBERRY CIR
18293521,3 SNOWBERRY CIR
18293524,19 HOLDEN ST
18293526,66 CASTINE ST
18293527,62 CASTINE ST
18222834,83 COUNTRY CLUB BLVD
18225006,6 PULLMAN ST
18229985,90 COUNTRY CLUB BLVD
18230372,116 COUNTRY CLUB BLVD
18230409,99 COUNTRY CLUB BLVD
18230635,87 COUNTRY CLUB BLVD
18230713,29 PLEASANT VALLEY DR
18230736,60 COUNTRY CLUB BLVD
18230797,41 PLEASANT VALLEY DR
18231006,37 PLEASANT VALLEY DR
18231154,21 PLEASANT VALLEY DR
18231174,195 COUNTRY CLUB BLVD
18231731,20 PLEASANT VALLEY DR
18231815,78 COUNTRY CLUB BLVD
18231877,103 COUNTRY CLUB BLVD
18231879,25 PLEASANT VALLEY DR
18232015,72 COUNTRY CLUB BLVD
18232113,181 COUNTRY CLUB BLVD
18232130,193 COUNTRY CLUB BLVD
18232141,191 COUNTRY CLUB BLVD
18232190,185 COUNTRY CLUB BLVD
18232328,179 COUNTRY CLUB BLVD
18232518,33 PLEASANT VALLEY DR
18232568,40 PLEASANT VALLEY DR
18233188,165 COUNTRY CLUB BLVD
18233199,167 COUNTRY CLUB BLVD
18233223,796 SALISBURY ST
18233333,150 COUNTRY CLUB BLVD
18233339,173 COUNTRY CLUB BLVD
18233340,161 COUNTRY CLUB BLVD
18233826,67 ACUSHNET AVE
18233872,177 COUNTRY CLUB BLVD
18233981,153 COUNTRY CLUB BLVD
18234025,137 COUNTRY CLUB BLVD
18234582,125 COUNTRY CLUB BLVD
18234592,102 COUNTRY CLUB BLVD
18234627,127 COUNTRY CLUB BLVD
18234658,106 COUNTRY CLUB BLVD
18234688,141 COUNTRY CLUB BLVD
18234781,144 COUNTRY CLUB BLVD
18234931,157 COUNTRY CLUB BLVD
18235130,149 COUNTRY CLUB BLVD
18235134,147 COUNTRY CLUB BLVD
18235811,145 COUNTRY CLUB BLVD
18235812,139 COUNTRY CLUB BLVD
18235841,143 COUNTRY CLUB BLVD
18236228,98 COUNTRY CLUB BLVD
18236245,140 COUNTRY CLUB BLVD
18236260,108 COUNTRY CLUB BLVD
18236399,86 COUNTRY CLUB BLVD
18236822,82 COUNTRY CLUB BLVD
18236865,111 COUNTRY CLUB BLVD
18236978,136 COUNTRY CLUB BLVD
18237200,113 COUNTRY CLUB BLVD
18237316,107 COUNTRY CLUB BLVD
18237322,112 COUNTRY CLUB BLVD
18238622,94 COUNTRY CLUB BLVD
18245534,55 LAKE AVE NORTH
18246227,363 BELMONT ST
18253394,486 CHANDLER ST
18253569,4 NAPLES RD
18254674,2 CANDLEWOOD PL
18255346,32 WILSON ST
18257601,255 LAKE AVE
18259393,12 HIGH ST
18261366,80 HERMON ST
18274600,50 WEBSTER ST
18275822,12 CHEEVER ST
18277129,1201 GRAFTON ST
18277330,1203 GRAFTON ST
18278022,41 POINTE ROK DR
18278454,45 MCKEON RD
18278561,370 SUNDERLAND RD
18278854,29 POINTE ROK DR
18278891,25 POINTE ROK DR
18279267,245 VERNON ST
18279858,13 POINTE ROK DR
18280247,5 POINTE ROK DR
18280354,1 POINTE ROK DR
18287422,41 ASHLAND ST
18287524,1 ROSE LN
18288323,1 ROSE LN
18288328,1 ROSE LN
18288477,25 HIGH ST
18291530,17 BOYS & GIRLS CLUB WAY
18291531,33 BOYS & GIRLS CLUB WAY
18291768,368 PLANTATION ST
18291778,59 LAKE AVE NORTH
18291982,8 HJELM AVE
18293093,6 SALISBURY HILL BLVD
18293373,70 COBBLESTONE LN
18293374,72 COBBLESTONE LN
18293393,47 MONTAGUE ST
18293442,1 LEDGEWOOD LN
18293506,28 STANDISH ST
